fid,file,mimetype
1,https://www.ncoah.com/rules/register/Volume%2028%20Issue%2017%20March%203%202014.pdf,application/pdf
2,https://www.ncoah.com/rules/register/Volume%2028%20Issue%2018%20March%2017%202014.pdf,application/pdf
3,https://www.ncoah.com/rules/register/Volume%2028%20Issue%2019%20April%201%202014.pdf,application/pdf
4,https://www.ncoah.com/rules/register/Volume%2028%20Issue%2020%20April%2015%202014.pdf,application/pdf
5,https://www.ncoah.com/rules/register/Volume%2028%20Issue%2021%20May%201%202014%20.pdf,application/pdf
6,https://www.ncoah.com/rules/register/Volume%2028%20Issue%2022%20May%2015%202014.pdf,application/pdf
7,https://www.ncoah.com/rules/register/Volume%2028%20Issue%2023%20June%202%202014.pdf,application/pdf
8,https://www.ncoah.com/rules/register/Volume%2028%20Issue%2024%20June%2016%202014.pdf,application/pdf
9,"https://www.ncoah.com/rules/register/Volume%2029%20Issue%2001%20July%201,%202014.pdf",application/pdf
10,"https://www.ncoah.com/rules/register/Volume%2029%20Issue%2002%20July%2015,%202014.pdf",application/pdf
11,"https://www.ncoah.com/rules/register/Volume%2029%20Issue%2003%20August%201,%202014.pdf",application/pdf
12,"https://www.ncoah.com/rules/register/Volume%2029%20Issue%2004%20August%2015,%202014.pdf",application/pdf
13,"https://www.ncoah.com/rules/register/Volume%2029%20Issue%2005%20September%202,%202014.pdf",application/pdf
14,"https://www.ncoah.com/rules/register/Volume%2029%20Issue%2006%20September%2015,%202014.pdf",application/pdf
15,"https://www.ncoah.com/rules/register/Volume%2029%20Issue%2007%20October%201,%202014.pdf",application/pdf
16,"https://www.ncoah.com/rules/register/Volume%2029%20Issue%2008%20October%2015,%202014.pdf",application/pdf
17,"https://www.ncoah.com/rules/register/Volume%2029%20Issue%2009%20November%203,%202014.pdf",application/pdf
18,"https://www.ncoah.com/rules/register/Volume%2029%20Issue%2010%20November%2017,%202014.pdf",application/pdf
19,"https://www.ncoah.com/rules/register/Volume%2029%20Issue%2011%20December%201,%202014.pdf",application/pdf
20,"https://www.ncoah.com/rules/register/Volume%2029%20Issue%2012%20December%2015,%202014.pdf",application/pdf
21,"https://www.ncoah.com/rules/register/Volume%2029%20Issue%2013%20January%202,%202015.pdf",application/pdf
22,"https://www.ncoah.com/rules/register/Volume%2029%20Issue%2014%20January%2015,%202015.pdf",application/pdf
23,"https://www.ncoah.com/rules/register/Volume%2029%20Issue%2015%20February%202,%202015.pdf",application/pdf
24,"https://www.ncoah.com/rules/register/Volume%2029%20Issue%2016%20February%2016,%202015.pdf",application/pdf
25,"https://www.ncoah.com/rules/register/Volume%2029%20Issue%2017%20March%202,%202015.pdf",application/pdf
26,"https://www.ncoah.com/rules/register/Volume%2029%20Issue%2018%20March%2016,%202015.pdf",application/pdf
27,"https://www.ncoah.com/rules/register/Volume%2029%20Issue%2019%20April%201,%202015.pdf",application/pdf
28,"https://www.ncoah.com/rules/register/Volume%2029%20Issue%2020%20April%2015,%202015.pdf",application/pdf
29,"https://www.ncoah.com/rules/register/Volume%2029%20Issue%2021%20May%201,%202015.pdf",application/pdf
30,"https://www.ncoah.com/rules/register/Volume%2029%20Issue%2022%20May%2015,%202015.pdf",application/pdf
31,"https://www.ncoah.com/rules/register/Volume%2029%20Issue%2023%20June%201,%202015.pdf",application/pdf
32,"https://www.ncoah.com/rules/register/Volume%2029%20Issue%2024%20June%2015,%202015.pdf",application/pdf
33,"https://www.ncoah.com/rules/register/Volume%2030%20Issue%2001%20July%201,%202015.pdf",application/pdf
34,"https://www.ncoah.com/rules/register/Volume%2030%20Issue%2002%20July%2015,%202015.pdf",application/pdf
35,"https://www.ncoah.com/rules/register/Volume%2030%20Issue%2003%20August%203,%202015.pdf",application/pdf
36,"https://www.ncoah.com/rules/register/Volume%2030%20Issue%2004%20August%2017,%202015.pdf",application/pdf
37,"https://www.ncoah.com/rules/register/Volume%2030%20Issue%2005%20September%201,%202015.pdf",application/pdf
38,"https://www.ncoah.com/rules/register/Volume%2030%20Issue%2006%20September%2015,%202015.pdf",application/pdf
39,"https://www.ncoah.com/rules/register/Volume%2030%20Issue%2007%20October%201,%202015.pdf",application/pdf
40,"https://www.ncoah.com/rules/register/Volume%2030%20Issue%2008%20October%2015,%202015.pdf",application/pdf
41,"https://www.ncoah.com/rules/register/Volume%2030%20Issue%2009%20November%202,%202015.pdf",application/pdf
42,"https://www.ncoah.com/rules/register/Volume%2030%20Issue%2010%20November%2016,%202015.pdf",application/pdf
43,"https://www.ncoah.com/rules/register/Volume%2030%20Issue%2011%20December%201,%202015.pdf",application/pdf
44,"https://www.ncoah.com/rules/register/Volume%2030%20Issue%2012%20December%2015,%202015.pdf",application/pdf
45,"https://www.ncoah.com/rules/register/Volume%2030%20Issue%2013%20January%204,%202016.pdf",application/pdf
46,"https://www.ncoah.com/rules/register/Volume%2030%20Issue%2014%20January%2015,%202016.pdf",application/pdf
47,"https://www.ncoah.com/rules/register/Volume%2030%20Issue%2015%20February%201,%202016.pdf",application/pdf
48,"https://www.ncoah.com/rules/register/Volume%2030%20Issue%2016%20February%2015,%202016.pdf",application/pdf
49,"https://www.ncoah.com/rules/register/Volume%2030%20Issue%2017%20March%201,%202016.pdf",application/pdf
50,"https://www.ncoah.com/rules/register/Volume%2030%20Issue%2018%20March%2015,%202016.pdf",application/pdf
51,"https://www.ncoah.com/rules/register/Volume%2030%20Issue%2019%20April%201,%202016.pdf",application/pdf
52,"https://www.ncoah.com/rules/register/Volume%2030%20Issue%2020%20April%2015,%202016.pdf",application/pdf
53,"https://www.ncoah.com/rules/register/Volume%2030%20Issue%2021%20May%202,%202016.pdf",application/pdf
54,"https://www.ncoah.com/rules/register/Volume%2030%20Issue%2022%20May%2016,%202016.pdf",application/pdf
55,"https://www.ncoah.com/rules/register/Volume%2030%20Issue%2023%20June%201,%202016.pdf",application/pdf
56,"https://www.ncoah.com/rules/register/Volume%2030%20Issue%2024%20June%2015,%202016.pdf",application/pdf
57,"https://www.ncoah.com/rules/register/Volume%2031%20Issue%2001%20July%201,%202016.pdf",application/pdf
58,"https://www.ncoah.com/rules/register/Volume%2031%20Issue%2002%20July%2015,%202016.pdf",application/pdf
59,"https://www.ncoah.com/rules/register/Volume%2031%20Issue%2003%20August%201,%202016.pdf",application/pdf
60,"https://www.ncoah.com/rules/register/Volume%2031%20Issue%2004%20August%2015,%202016.pdf",application/pdf
61,"https://www.ncoah.com/rules/register/Volume%2031%20Issue%2006%20September%2015,%202016.pdf",application/pdf
62,"https://www.ncoah.com/rules/register/Volume%2031%20Issue%2007%20October%203,%202016-Online.pdf",application/pdf
63,"https://www.ncoah.com/rules/register/Volume%2031%20Issue%2008%20October%2017,%202016-Online.pdf",application/pdf
64,"https://www.ncoah.com/rules/register/Volume%2031%20Issue%2010%20November%2015,%202016-ONLINE.pdf",application/pdf
65,"https://www.ncoah.com/rules/register/Volume%2031%20Issue%2011%20December%201,%202016-ONLINE.pdf",application/pdf
66,"https://www.ncoah.com/rules/register/Volume%2031%20Issue%2012%20December%2015,%202016-ONLINE.pdf",application/pdf
67,"https://www.ncoah.com/rules/register/Volume%2031%20Issue%2013%20January%203,%202017-ONLINE.pdf",application/pdf
68,"https://www.ncoah.com/rules/register/Volume%2031%20Issue%2014%20January%2017,%202017.pdf",application/pdf
69,"https://www.ncoah.com/rules/register/Volume%2031%20Issue%2015%20February%201,%202017-ONLINE.pdf",application/pdf
70,"https://www.ncoah.com/rules/register/Volume%2031%20Issue%2016%20February%2015,%202017-ONLINE.pdf",application/pdf
71,"https://www.ncoah.com/rules/register/Volume%2031%20Issue%2017%20March%201,%202017.pdf",application/pdf
72,"https://www.ncoah.com/rules/register/Volume%2031%20Issue%2018%20March%2015,%202017%20online.pdf",application/pdf
73,"https://www.ncoah.com/rules/register/Volume%2031%20Issue%2019%20April%203,%202017.pdf",application/pdf
74,"https://www.ncoah.com/rules/register/Volume%2031%20Issue%2020%20April%2017,%202017.pdf",application/pdf
75,"https://www.ncoah.com/rules/register/Volume%2031%20Issue%2021%20May%201,%202017.pdf",application/pdf
76,"https://www.ncoah.com/rules/register/Volume%2031%20Issue%2022%20May%2015,%202017.pdf",application/pdf
77,"https://www.ncoah.com/rules/register/Volume%2031%20Issue%2023%20June%201,%202017.pdf",application/pdf
78,"https://www.ncoah.com/rules/register/Volume%2031%20Issue%2024%20June%2015,%202017.pdf",application/pdf
79,"https://www.ncoah.com/rules/register/Volume%2032%20Issue%2001%20July%203,%202017.pdf",application/pdf
80,"https://www.ncoah.com/rules/register/Volume%2032%20Issue%2002%20July%2017,%202017.pdf",application/pdf
81,"https://www.ncoah.com/rules/register/Volume%2032%20Issue%2003%20August%201,%202017.pdf",application/pdf
82,"https://www.ncoah.com/rules/register/Volume%2032%20Issue%2004%20August%2015,%202017.pdf",application/pdf
83,"https://www.ncoah.com/rules/register/Volume%2032%20Issue%2005%20September%201,%202017.pdf",application/pdf
84,"https://www.ncoah.com/rules/register/Volume%2032%20Issue%2006%20September%2015,%202017%20ONLINE.pdf",application/pdf
85,"https://www.ncoah.com/rules/register/Volume%2032%20Issue%2007%20October%202,%202017.pdf",application/pdf
86,"https://www.ncoah.com/rules/register/Volume%2032%20Issue%2008%20October%2016,%202017.pdf",application/pdf
87,"https://www.ncoah.com/rules/register/Volume%2032%20Issue%2009%20November%201,%202017%20ONLINE.pdf",application/pdf
88,"https://www.ncoah.com/rules/register/Volume%2032%20Issue%2010%20November%2015,%202017.pdf",application/pdf
89,"https://www.ncoah.com/rules/register/Volume%2032%20Issue%2011%20December%201,%202017.pdf",application/pdf
90,"https://www.ncoah.com/rules/register/Volume%2032%20Issue%2012%20December%2015,%202017.pdf",application/pdf
91,"https://www.ncoah.com/rules/register/Volume%2032%20Issue%2013%20January%202,%202018.pdf",application/pdf
92,"https://www.ncoah.com/rules/register/Volume%2032%20Issue%2014%20January%2016,%202018.pdf",application/pdf
93,"https://www.ncoah.com/rules/register/Volume%2032%20Issue%2015%20February%201,%202018.pdf",application/pdf
94,"https://www.ncoah.com/rules/register/Volume%2032%20Issue%2016%20February%2015,%202018.pdf",application/pdf
95,"https://www.ncoah.com/rules/register/Volume%2032%20Issue%2017%20March%201,%202018.pdf",application/pdf
96,"https://www.ncoah.com/rules/register/Volume%2032%20Issue%2018%20March%2015,%202018.pdf",application/pdf
97,"https://www.ncoah.com/rules/register/Volume%2032%20Issue%2019%20April%202,%202018.pdf",application/pdf
98,"https://www.ncoah.com/rules/register/Volume%2032%20Issue%2020%20April%2016,%202018.pdf",application/pdf
99,"https://www.ncoah.com/rules/register/Volume%2032%20Issue%2021%20May%201,%202018.pdf",application/pdf
100,"https://www.ncoah.com/rules/register/Volume%2032%20Issue%2022%20May%2015,%202018.pdf",application/pdf
101,"https://www.ncoah.com/rules/register/Volume%2032%20Issue%2023%20June%201,%202018.pdf",application/pdf
102,"https://www.ncoah.com/rules/register/Volume%2032%20Issue%2024%20June%2015,%202018.pdf",application/pdf
103,"https://www.ncoah.com/rules/register/Volume%2033%20Issue%2002%20July%2016,%202018.pdf",application/pdf
104,"https://www.ncoah.com/rules/register/Volume%2033%20Issue%201%20July%202,%202018.pdf",application/pdf
105,https://www.ncoah.com/rules/register/Volume10Issue01.pdf,application/pdf
106,https://www.ncoah.com/rules/register/Volume10Issue02.pdf,application/pdf
107,https://www.ncoah.com/rules/register/Volume10Issue03.pdf,application/pdf
108,https://www.ncoah.com/rules/register/Volume10Issue04.pdf,application/pdf
109,https://www.ncoah.com/rules/register/Volume10Issue05.pdf,application/pdf
110,https://www.ncoah.com/rules/register/Volume10Issue06.pdf,application/pdf
111,https://www.ncoah.com/rules/register/Volume10Issue07.pdf,application/pdf
112,https://www.ncoah.com/rules/register/Volume10Issue08.pdf,application/pdf
113,https://www.ncoah.com/rules/register/Volume10Issue09.pdf,application/pdf
114,https://www.ncoah.com/rules/register/Volume10Issue10.pdf,application/pdf
115,https://www.ncoah.com/rules/register/Volume10Issue11.pdf,application/pdf
116,https://www.ncoah.com/rules/register/Volume10Issue12.pdf,application/pdf
117,https://www.ncoah.com/rules/register/Volume10Issue13.pdf,application/pdf
118,https://www.ncoah.com/rules/register/Volume10Issue14.pdf,application/pdf
119,https://www.ncoah.com/rules/register/Volume10Issue15.pdf,application/pdf
120,https://www.ncoah.com/rules/register/Volume10Issue16a.pdf,application/pdf
121,https://www.ncoah.com/rules/register/Volume10Issue16b.pdf,application/pdf
122,https://www.ncoah.com/rules/register/Volume10Issue16c.pdf,application/pdf
123,https://www.ncoah.com/rules/register/Volume10Issue17.pdf,application/pdf
124,https://www.ncoah.com/rules/register/Volume10Issue18.pdf,application/pdf
125,https://www.ncoah.com/rules/register/Volume10Issue19.pdf,application/pdf
126,https://www.ncoah.com/rules/register/Volume10Issue20.pdf,application/pdf
127,https://www.ncoah.com/rules/register/Volume10Issue21.pdf,application/pdf
128,https://www.ncoah.com/rules/register/Volume10Issue22.pdf,application/pdf
129,https://www.ncoah.com/rules/register/Volume10Issue23.pdf,application/pdf
130,https://www.ncoah.com/rules/register/Volume10Issue24.pdf,application/pdf
131,https://www.ncoah.com/rules/register/Volume11Issue01.pdf,application/pdf
132,https://www.ncoah.com/rules/register/Volume11Issue02.pdf,application/pdf
133,https://www.ncoah.com/rules/register/Volume11Issue03.pdf,application/pdf
134,https://www.ncoah.com/rules/register/Volume11Issue04.pdf,application/pdf
135,https://www.ncoah.com/rules/register/Volume11Issue05.pdf,application/pdf
136,https://www.ncoah.com/rules/register/Volume11Issue06.pdf,application/pdf
137,https://www.ncoah.com/rules/register/Volume11Issue07.pdf,application/pdf
138,https://www.ncoah.com/rules/register/Volume11Issue08.pdf,application/pdf
139,https://www.ncoah.com/rules/register/Volume11Issue09.pdf,application/pdf
140,https://www.ncoah.com/rules/register/Volume11Issue10.pdf,application/pdf
141,https://www.ncoah.com/rules/register/Volume11Issue11.pdf,application/pdf
142,https://www.ncoah.com/rules/register/Volume11Issue12.pdf,application/pdf
143,https://www.ncoah.com/rules/register/Volume11Issue13.pdf,application/pdf
144,https://www.ncoah.com/rules/register/Volume11Issue14.pdf,application/pdf
145,https://www.ncoah.com/rules/register/Volume11Issue15.pdf,application/pdf
146,https://www.ncoah.com/rules/register/Volume11Issue16.pdf,application/pdf
147,https://www.ncoah.com/rules/register/Volume11Issue17.pdf,application/pdf
148,https://www.ncoah.com/rules/register/Volume11Issue18.pdf,application/pdf
149,https://www.ncoah.com/rules/register/Volume11Issue19.pdf,application/pdf
150,https://www.ncoah.com/rules/register/Volume11Issue20.pdf,application/pdf
151,https://www.ncoah.com/rules/register/Volume11Issue21.pdf,application/pdf
152,https://www.ncoah.com/rules/register/Volume11Issue22.pdf,application/pdf
153,https://www.ncoah.com/rules/register/Volume11Issue23.pdf,application/pdf
154,https://www.ncoah.com/rules/register/Volume11Issue24.pdf,application/pdf
155,https://www.ncoah.com/rules/register/Volume11Issue25.pdf,application/pdf
156,https://www.ncoah.com/rules/register/Volume11Issue26.pdf,application/pdf
157,https://www.ncoah.com/rules/register/Volume11Issue27.pdf,application/pdf
158,https://www.ncoah.com/rules/register/Volume11Issue28.pdf,application/pdf
159,https://www.ncoah.com/rules/register/Volume11Issue29.pdf,application/pdf
160,https://www.ncoah.com/rules/register/Volume11Issue30.pdf,application/pdf
161,https://www.ncoah.com/rules/register/Volume12Issue01.pdf,application/pdf
162,https://www.ncoah.com/rules/register/Volume12Issue02.pdf,application/pdf
163,https://www.ncoah.com/rules/register/Volume12Issue03.pdf,application/pdf
164,https://www.ncoah.com/rules/register/Volume12Issue04.pdf,application/pdf
165,https://www.ncoah.com/rules/register/Volume12Issue05.pdf,application/pdf
166,https://www.ncoah.com/rules/register/Volume12Issue06.pdf,application/pdf
167,https://www.ncoah.com/rules/register/Volume12Issue07.pdf,application/pdf
168,https://www.ncoah.com/rules/register/Volume12Issue08.pdf,application/pdf
169,https://www.ncoah.com/rules/register/Volume12Issue09.pdf,application/pdf
170,https://www.ncoah.com/rules/register/Volume12Issue10.pdf,application/pdf
171,https://www.ncoah.com/rules/register/Volume12Issue11.pdf,application/pdf
172,https://www.ncoah.com/rules/register/Volume12Issue12.pdf,application/pdf
173,https://www.ncoah.com/rules/register/Volume12Issue13.pdf,application/pdf
174,https://www.ncoah.com/rules/register/Volume12Issue14.pdf,application/pdf
175,https://www.ncoah.com/rules/register/Volume12Issue15.pdf,application/pdf
176,https://www.ncoah.com/rules/register/Volume12Issue16.pdf,application/pdf
177,https://www.ncoah.com/rules/register/Volume12Issue17.pdf,application/pdf
178,https://www.ncoah.com/rules/register/Volume12Issue18.pdf,application/pdf
179,https://www.ncoah.com/rules/register/Volume12Issue19.pdf,application/pdf
180,https://www.ncoah.com/rules/register/Volume12Issue20.pdf,application/pdf
181,https://www.ncoah.com/rules/register/Volume12Issue21.pdf,application/pdf
182,https://www.ncoah.com/rules/register/Volume12Issue22.pdf,application/pdf
183,https://www.ncoah.com/rules/register/Volume12Issue23.pdf,application/pdf
184,https://www.ncoah.com/rules/register/Volume12Issue24.pdf,application/pdf
185,https://www.ncoah.com/rules/register/Volume13Issue01.pdf,application/pdf
186,https://www.ncoah.com/rules/register/Volume13Issue02.pdf,application/pdf
187,https://www.ncoah.com/rules/register/Volume13Issue03.pdf,application/pdf
188,https://www.ncoah.com/rules/register/Volume13Issue04.pdf,application/pdf
189,https://www.ncoah.com/rules/register/Volume13Issue05.pdf,application/pdf
190,https://www.ncoah.com/rules/register/Volume13Issue06.pdf,application/pdf
191,https://www.ncoah.com/rules/register/Volume13Issue07.pdf,application/pdf
192,https://www.ncoah.com/rules/register/Volume13Issue08.pdf,application/pdf
193,https://www.ncoah.com/rules/register/Volume13Issue09.pdf,application/pdf
194,https://www.ncoah.com/rules/register/Volume13Issue10.pdf,application/pdf
195,https://www.ncoah.com/rules/register/Volume13Issue11.pdf,application/pdf
196,https://www.ncoah.com/rules/register/Volume13Issue12.pdf,application/pdf
197,https://www.ncoah.com/rules/register/Volume13Issue13.pdf,application/pdf
198,https://www.ncoah.com/rules/register/Volume13Issue14.pdf,application/pdf
199,https://www.ncoah.com/rules/register/Volume13Issue15.pdf,application/pdf
200,https://www.ncoah.com/rules/register/Volume13Issue16.pdf,application/pdf
201,https://www.ncoah.com/rules/register/Volume13Issue17.pdf,application/pdf
202,https://www.ncoah.com/rules/register/Volume13Issue18.pdf,application/pdf
203,https://www.ncoah.com/rules/register/Volume13Issue19.pdf,application/pdf
204,https://www.ncoah.com/rules/register/Volume13Issue20.pdf,application/pdf
205,https://www.ncoah.com/rules/register/Volume13Issue21.pdf,application/pdf
206,https://www.ncoah.com/rules/register/Volume13Issue22.pdf,application/pdf
207,https://www.ncoah.com/rules/register/Volume13Issue23.pdf,application/pdf
208,https://www.ncoah.com/rules/register/Volume13Issue24.pdf,application/pdf
209,https://www.ncoah.com/rules/register/Volume14Issue01.pdf,application/pdf
210,https://www.ncoah.com/rules/register/Volume14Issue02.pdf,application/pdf
211,https://www.ncoah.com/rules/register/Volume14Issue03.pdf,application/pdf
212,https://www.ncoah.com/rules/register/Volume14Issue04.pdf,application/pdf
213,https://www.ncoah.com/rules/register/Volume14Issue05.pdf,application/pdf
214,https://www.ncoah.com/rules/register/Volume14Issue06.pdf,application/pdf
215,https://www.ncoah.com/rules/register/Volume14Issue07.pdf,application/pdf
216,https://www.ncoah.com/rules/register/Volume14Issue08.pdf,application/pdf
217,https://www.ncoah.com/rules/register/Volume14Issue09.pdf,application/pdf
218,https://www.ncoah.com/rules/register/Volume14Issue10.pdf,application/pdf
219,https://www.ncoah.com/rules/register/Volume14Issue11.pdf,application/pdf
220,https://www.ncoah.com/rules/register/Volume14Issue12.pdf,application/pdf
221,https://www.ncoah.com/rules/register/Volume14Issue13.pdf,application/pdf
222,https://www.ncoah.com/rules/register/Volume14Issue14.pdf,application/pdf
223,https://www.ncoah.com/rules/register/Volume14Issue15.pdf,application/pdf
224,https://www.ncoah.com/rules/register/Volume14Issue16.pdf,application/pdf
225,https://www.ncoah.com/rules/register/Volume14Issue17.pdf,application/pdf
226,https://www.ncoah.com/rules/register/Volume14Issue18.pdf,application/pdf
227,https://www.ncoah.com/rules/register/Volume14Issue19.pdf,application/pdf
228,https://www.ncoah.com/rules/register/Volume14Issue20.pdf,application/pdf
229,https://www.ncoah.com/rules/register/Volume14Issue21.pdf,application/pdf
230,https://www.ncoah.com/rules/register/Volume14Issue22.pdf,application/pdf
231,https://www.ncoah.com/rules/register/Volume14Issue23.pdf,application/pdf
232,https://www.ncoah.com/rules/register/Volume14Issue24.pdf,application/pdf
233,https://www.ncoah.com/rules/register/Volume15Issue01.pdf,application/pdf
234,https://www.ncoah.com/rules/register/Volume15Issue02.pdf,application/pdf
235,https://www.ncoah.com/rules/register/Volume15Issue03.pdf,application/pdf
236,https://www.ncoah.com/rules/register/Volume15Issue04.pdf,application/pdf
237,https://www.ncoah.com/rules/register/Volume15Issue05.pdf,application/pdf
238,https://www.ncoah.com/rules/register/Volume15Issue06.pdf,application/pdf
239,https://www.ncoah.com/rules/register/Volume15Issue07.pdf,application/pdf
240,https://www.ncoah.com/rules/register/Volume15Issue08.pdf,application/pdf
241,https://www.ncoah.com/rules/register/Volume15Issue09.pdf,application/pdf
242,https://www.ncoah.com/rules/register/Volume15Issue10.pdf,application/pdf
243,https://www.ncoah.com/rules/register/Volume15Issue11.pdf,application/pdf
244,https://www.ncoah.com/rules/register/Volume15Issue12.pdf,application/pdf
245,https://www.ncoah.com/rules/register/Volume15Issue13.pdf,application/pdf
246,https://www.ncoah.com/rules/register/Volume15Issue14.pdf,application/pdf
247,https://www.ncoah.com/rules/register/Volume15Issue15.pdf,application/pdf
248,https://www.ncoah.com/rules/register/Volume15Issue16.pdf,application/pdf
249,https://www.ncoah.com/rules/register/Volume15Issue17.pdf,application/pdf
250,https://www.ncoah.com/rules/register/Volume15Issue18.pdf,application/pdf
251,https://www.ncoah.com/rules/register/Volume15Issue19.pdf,application/pdf
252,https://www.ncoah.com/rules/register/Volume15Issue20.pdf,application/pdf
253,https://www.ncoah.com/rules/register/Volume15Issue21.pdf,application/pdf
254,https://www.ncoah.com/rules/register/Volume15Issue22.pdf,application/pdf
255,https://www.ncoah.com/rules/register/Volume15Issue23.pdf,application/pdf
256,https://www.ncoah.com/rules/register/Volume15Issue24.pdf,application/pdf
257,https://www.ncoah.com/rules/register/Volume16Issue01.pdf,application/pdf
258,https://www.ncoah.com/rules/register/Volume16Issue02.pdf,application/pdf
259,https://www.ncoah.com/rules/register/Volume16Issue03.pdf,application/pdf
260,https://www.ncoah.com/rules/register/Volume16Issue04.pdf,application/pdf
261,https://www.ncoah.com/rules/register/Volume16Issue05.pdf,application/pdf
262,https://www.ncoah.com/rules/register/Volume16Issue06.pdf,application/pdf
263,https://www.ncoah.com/rules/register/Volume16Issue07.pdf,application/pdf
264,https://www.ncoah.com/rules/register/Volume16Issue08.pdf,application/pdf
265,https://www.ncoah.com/rules/register/Volume16Issue09.pdf,application/pdf
266,https://www.ncoah.com/rules/register/Volume16Issue10.pdf,application/pdf
267,https://www.ncoah.com/rules/register/Volume16Issue11.pdf,application/pdf
268,https://www.ncoah.com/rules/register/Volume16Issue12.pdf,application/pdf
269,https://www.ncoah.com/rules/register/Volume16Issue13.pdf,application/pdf
270,https://www.ncoah.com/rules/register/Volume16Issue14.pdf,application/pdf
271,https://www.ncoah.com/rules/register/Volume16Issue15.pdf,application/pdf
272,https://www.ncoah.com/rules/register/Volume16Issue16.pdf,application/pdf
273,https://www.ncoah.com/rules/register/Volume16Issue17.pdf,application/pdf
274,https://www.ncoah.com/rules/register/Volume16Issue18.pdf,application/pdf
275,https://www.ncoah.com/rules/register/Volume16Issue19.pdf,application/pdf
276,https://www.ncoah.com/rules/register/Volume16Issue20.pdf,application/pdf
277,https://www.ncoah.com/rules/register/Volume16Issue21.pdf,application/pdf
278,https://www.ncoah.com/rules/register/Volume16Issue22.pdf,application/pdf
279,https://www.ncoah.com/rules/register/Volume16Issue23.pdf,application/pdf
280,https://www.ncoah.com/rules/register/Volume16Issue24.pdf,application/pdf
281,https://www.ncoah.com/rules/register/Volume17Issue01.pdf,application/pdf
282,https://www.ncoah.com/rules/register/Volume17Issue02.pdf,application/pdf
283,https://www.ncoah.com/rules/register/Volume17Issue03.pdf,application/pdf
284,https://www.ncoah.com/rules/register/Volume17Issue04.pdf,application/pdf
285,https://www.ncoah.com/rules/register/Volume17Issue05.pdf,application/pdf
286,https://www.ncoah.com/rules/register/Volume17Issue06.pdf,application/pdf
287,https://www.ncoah.com/rules/register/Volume17Issue07.pdf,application/pdf
288,https://www.ncoah.com/rules/register/Volume17Issue08.pdf,application/pdf
289,https://www.ncoah.com/rules/register/Volume17Issue09.pdf,application/pdf
290,https://www.ncoah.com/rules/register/Volume17Issue10.pdf,application/pdf
291,https://www.ncoah.com/rules/register/Volume17Issue11.pdf,application/pdf
292,https://www.ncoah.com/rules/register/Volume17Issue12.pdf,application/pdf
293,https://www.ncoah.com/rules/register/Volume17Issue13.pdf,application/pdf
294,https://www.ncoah.com/rules/register/Volume17Issue14.pdf,application/pdf
295,https://www.ncoah.com/rules/register/Volume17Issue15.pdf,application/pdf
296,https://www.ncoah.com/rules/register/Volume17Issue16.pdf,application/pdf
297,https://www.ncoah.com/rules/register/Volume17Issue17.pdf,application/pdf
298,https://www.ncoah.com/rules/register/Volume17Issue18.pdf,application/pdf
299,https://www.ncoah.com/rules/register/Volume17Issue19.pdf,application/pdf
300,https://www.ncoah.com/rules/register/Volume17Issue20.pdf,application/pdf
301,https://www.ncoah.com/rules/register/Volume17Issue21.pdf,application/pdf
302,https://www.ncoah.com/rules/register/Volume17Issue22.pdf,application/pdf
303,https://www.ncoah.com/rules/register/Volume17Issue23.pdf,application/pdf
304,https://www.ncoah.com/rules/register/Volume17Issue24.pdf,application/pdf
305,https://www.ncoah.com/rules/register/Volume18Issue01.pdf,application/pdf
306,https://www.ncoah.com/rules/register/Volume18Issue02.pdf,application/pdf
307,https://www.ncoah.com/rules/register/Volume18Issue03.pdf,application/pdf
308,https://www.ncoah.com/rules/register/Volume18Issue04.pdf,application/pdf
309,https://www.ncoah.com/rules/register/Volume18Issue05.pdf,application/pdf
310,https://www.ncoah.com/rules/register/Volume18Issue06.pdf,application/pdf
311,https://www.ncoah.com/rules/register/Volume18Issue07.pdf,application/pdf
312,https://www.ncoah.com/rules/register/Volume18Issue08.pdf,application/pdf
313,https://www.ncoah.com/rules/register/Volume18Issue09.pdf,application/pdf
314,https://www.ncoah.com/rules/register/Volume18Issue10.pdf,application/pdf
315,https://www.ncoah.com/rules/register/Volume18Issue11.pdf,application/pdf
316,https://www.ncoah.com/rules/register/Volume18Issue12.pdf,application/pdf
317,https://www.ncoah.com/rules/register/Volume18Issue13.pdf,application/pdf
318,https://www.ncoah.com/rules/register/Volume18Issue14.pdf,application/pdf
319,https://www.ncoah.com/rules/register/Volume18Issue15.pdf,application/pdf
320,https://www.ncoah.com/rules/register/Volume18Issue16.pdf,application/pdf
321,https://www.ncoah.com/rules/register/Volume18Issue17.pdf,application/pdf
322,https://www.ncoah.com/rules/register/Volume18Issue18.pdf,application/pdf
323,https://www.ncoah.com/rules/register/Volume18Issue19.pdf,application/pdf
324,https://www.ncoah.com/rules/register/Volume18Issue20.pdf,application/pdf
325,https://www.ncoah.com/rules/register/Volume18Issue21.pdf,application/pdf
326,https://www.ncoah.com/rules/register/Volume18Issue22.pdf,application/pdf
327,https://www.ncoah.com/rules/register/Volume18Issue23.pdf,application/pdf
328,https://www.ncoah.com/rules/register/Volume18Issue24.pdf,application/pdf
329,https://www.ncoah.com/rules/register/Volume19Issue01.pdf,application/pdf
330,https://www.ncoah.com/rules/register/Volume19Issue02.pdf,application/pdf
331,https://www.ncoah.com/rules/register/Volume19Issue03.pdf,application/pdf
332,https://www.ncoah.com/rules/register/Volume19Issue04.pdf,application/pdf
333,https://www.ncoah.com/rules/register/Volume19Issue05.pdf,application/pdf
334,https://www.ncoah.com/rules/register/Volume19Issue06.pdf,application/pdf
335,https://www.ncoah.com/rules/register/Volume19Issue07.pdf,application/pdf
336,https://www.ncoah.com/rules/register/Volume19Issue08.pdf,application/pdf
337,https://www.ncoah.com/rules/register/Volume19Issue09.pdf,application/pdf
338,https://www.ncoah.com/rules/register/Volume19Issue10.pdf,application/pdf
339,https://www.ncoah.com/rules/register/Volume19Issue11.pdf,application/pdf
340,https://www.ncoah.com/rules/register/Volume19Issue12.pdf,application/pdf
341,https://www.ncoah.com/rules/register/Volume19Issue13.pdf,application/pdf
342,https://www.ncoah.com/rules/register/Volume19Issue14.pdf,application/pdf
343,https://www.ncoah.com/rules/register/Volume19Issue15.pdf,application/pdf
344,https://www.ncoah.com/rules/register/Volume19Issue16.pdf,application/pdf
345,https://www.ncoah.com/rules/register/Volume19Issue17.pdf,application/pdf
346,https://www.ncoah.com/rules/register/Volume19Issue18.pdf,application/pdf
347,https://www.ncoah.com/rules/register/Volume19Issue19.pdf,application/pdf
348,https://www.ncoah.com/rules/register/Volume19Issue20.pdf,application/pdf
349,https://www.ncoah.com/rules/register/Volume19Issue21.pdf,application/pdf
350,https://www.ncoah.com/rules/register/Volume19Issue22.pdf,application/pdf
351,https://www.ncoah.com/rules/register/Volume19Issue23.pdf,application/pdf
352,https://www.ncoah.com/rules/register/Volume19Issue24.pdf,application/pdf
353,https://www.ncoah.com/rules/register/Volume1Issue01.pdf,application/pdf
354,https://www.ncoah.com/rules/register/Volume1Issue02.pdf,application/pdf
355,https://www.ncoah.com/rules/register/Volume1Issue03.pdf,application/pdf
356,https://www.ncoah.com/rules/register/Volume1Issue04.pdf,application/pdf
357,https://www.ncoah.com/rules/register/Volume1Issue05.pdf,application/pdf
358,https://www.ncoah.com/rules/register/Volume1Issue06.pdf,application/pdf
359,https://www.ncoah.com/rules/register/Volume1Issue07.pdf,application/pdf
360,https://www.ncoah.com/rules/register/Volume1Issue08.pdf,application/pdf
361,https://www.ncoah.com/rules/register/Volume1Issue09.pdf,application/pdf
362,https://www.ncoah.com/rules/register/Volume1Issue10.pdf,application/pdf
363,https://www.ncoah.com/rules/register/Volume1Issue11.pdf,application/pdf
364,https://www.ncoah.com/rules/register/Volume1Issue12.pdf,application/pdf
365,https://www.ncoah.com/rules/register/Volume20Issue01.pdf,application/pdf
366,https://www.ncoah.com/rules/register/Volume20Issue02.pdf,application/pdf
367,https://www.ncoah.com/rules/register/Volume20Issue03.pdf,application/pdf
368,https://www.ncoah.com/rules/register/Volume20Issue04.pdf,application/pdf
369,https://www.ncoah.com/rules/register/Volume20Issue05.pdf,application/pdf
370,https://www.ncoah.com/rules/register/Volume20Issue06.pdf,application/pdf
371,https://www.ncoah.com/rules/register/Volume20Issue07.pdf,application/pdf
372,https://www.ncoah.com/rules/register/Volume20Issue08.pdf,application/pdf
373,https://www.ncoah.com/rules/register/Volume20Issue09.pdf,application/pdf
374,https://www.ncoah.com/rules/register/Volume20Issue10.pdf,application/pdf
375,https://www.ncoah.com/rules/register/Volume20Issue11.pdf,application/pdf
376,https://www.ncoah.com/rules/register/Volume20Issue12.pdf,application/pdf
377,https://www.ncoah.com/rules/register/Volume20Issue13.pdf,application/pdf
378,https://www.ncoah.com/rules/register/Volume20Issue14.pdf,application/pdf
379,https://www.ncoah.com/rules/register/Volume20Issue15.pdf,application/pdf
380,https://www.ncoah.com/rules/register/Volume20Issue16.pdf,application/pdf
381,https://www.ncoah.com/rules/register/Volume20Issue17.pdf,application/pdf
382,https://www.ncoah.com/rules/register/Volume20Issue18.pdf,application/pdf
383,https://www.ncoah.com/rules/register/Volume20Issue19.pdf,application/pdf
384,https://www.ncoah.com/rules/register/Volume20Issue20.pdf,application/pdf
385,https://www.ncoah.com/rules/register/Volume20Issue21.pdf,application/pdf
386,https://www.ncoah.com/rules/register/Volume20Issue22.pdf,application/pdf
387,https://www.ncoah.com/rules/register/Volume20Issue23.pdf,application/pdf
388,https://www.ncoah.com/rules/register/Volume20Issue24.pdf,application/pdf
389,https://www.ncoah.com/rules/register/Volume21Issue01.pdf,application/pdf
390,https://www.ncoah.com/rules/register/Volume21Issue02.pdf,application/pdf
391,https://www.ncoah.com/rules/register/Volume21Issue03.pdf,application/pdf
392,https://www.ncoah.com/rules/register/Volume21Issue04.pdf,application/pdf
393,https://www.ncoah.com/rules/register/Volume21Issue05.pdf,application/pdf
394,https://www.ncoah.com/rules/register/Volume21Issue06.pdf,application/pdf
395,https://www.ncoah.com/rules/register/Volume21Issue07.pdf,application/pdf
396,https://www.ncoah.com/rules/register/Volume21Issue08.pdf,application/pdf
397,https://www.ncoah.com/rules/register/Volume21Issue09.pdf,application/pdf
398,https://www.ncoah.com/rules/register/Volume21Issue10November152006.pdf,application/pdf
399,https://www.ncoah.com/rules/register/Volume21Issue11December12006.pdf,application/pdf
400,https://www.ncoah.com/rules/register/Volume21Issue12December152006.pdf,application/pdf
401,https://www.ncoah.com/rules/register/Volume21Issue13January22007web.pdf,application/pdf
402,https://www.ncoah.com/rules/register/Volume21Issue14January162007-Web.pdf,application/pdf
403,https://www.ncoah.com/rules/register/Volume21Issue15February12007-web.pdf,application/pdf
404,https://www.ncoah.com/rules/register/Volume21Issue16February152007-web.pdf,application/pdf
405,https://www.ncoah.com/rules/register/Volume21Issue17March12007-web.pdf,application/pdf
406,https://www.ncoah.com/rules/register/Volume21Issue18March152007-web.pdf,application/pdf
407,https://www.ncoah.com/rules/register/Volume21Issue19April22007.pdf,application/pdf
408,https://www.ncoah.com/rules/register/Volume21Issue20April162007-2.pdf,application/pdf
409,https://www.ncoah.com/rules/register/Volume21Issue21May12007.pdf,application/pdf
410,https://www.ncoah.com/rules/register/Volume21ISsue22May152007.pdf,application/pdf
411,https://www.ncoah.com/rules/register/Volume21Issue23June12007.pdf,application/pdf
412,https://www.ncoah.com/rules/register/Volume21Issue24June152007.pdf,application/pdf
413,https://www.ncoah.com/rules/register/Volume22Issue01July22007.pdf,application/pdf
414,https://www.ncoah.com/rules/register/Volume22Issue02July162007.pdf,application/pdf
415,https://www.ncoah.com/rules/register/Volume22Issue03August12007-2.pdf,application/pdf
416,https://www.ncoah.com/rules/register/Volume22Issue04August152007.pdf,application/pdf
417,https://www.ncoah.com/rules/register/Volume22Issue05September42007.pdf,application/pdf
418,https://www.ncoah.com/rules/register/Volume22Issue06September172007.pdf,application/pdf
419,https://www.ncoah.com/rules/register/Volume22Issue07October12007.pdf,application/pdf
420,https://www.ncoah.com/rules/register/Volume22Issue08October152007.pdf,application/pdf
421,https://www.ncoah.com/rules/register/Volume22Issue09November12007.pdf,application/pdf
422,https://www.ncoah.com/rules/register/Volume22Issue10November152007.pdf,application/pdf
423,https://www.ncoah.com/rules/register/Volume22Issue11December32007.pdf,application/pdf
424,https://www.ncoah.com/rules/register/Volume22Issue12December172007.pdf,application/pdf
425,https://www.ncoah.com/rules/register/Volume22Issue13January22008.pdf,application/pdf
426,https://www.ncoah.com/rules/register/Volume22Issue14January152008.pdf,application/pdf
427,https://www.ncoah.com/rules/register/Volume22Issue15February12008.pdf,application/pdf
428,https://www.ncoah.com/rules/register/Volume22Issue16February152008.pdf,application/pdf
429,https://www.ncoah.com/rules/register/Volume22Issue17March32008.pdf,application/pdf
430,https://www.ncoah.com/rules/register/Volume22Issue18March172008.pdf,application/pdf
431,https://www.ncoah.com/rules/register/Volume22Issue19April12008.pdf,application/pdf
432,https://www.ncoah.com/rules/register/Volume22Issue20April152008.pdf,application/pdf
433,https://www.ncoah.com/rules/register/Volume22Issue21May12008.pdf,application/pdf
434,https://www.ncoah.com/rules/register/Volume22Issue22May152008.pdf,application/pdf
435,https://www.ncoah.com/rules/register/Volume22Issue23June22008.pdf,application/pdf
436,https://www.ncoah.com/rules/register/Volume22Issue24June162008.pdf,application/pdf
437,https://www.ncoah.com/rules/register/Volume23Issue01July12008.pdf,application/pdf
438,https://www.ncoah.com/rules/register/Volume23Issue02July152008.pdf,application/pdf
439,https://www.ncoah.com/rules/register/Volume23Issue03August12008.pdf,application/pdf
440,https://www.ncoah.com/rules/register/Volume23Issue04August152008.pdf,application/pdf
441,https://www.ncoah.com/rules/register/Volume23Issue05September22008.pdf,application/pdf
442,https://www.ncoah.com/rules/register/Volume23Issue06September152008.pdf,application/pdf
443,https://www.ncoah.com/rules/register/Volume23Issue07October12008.pdf,application/pdf
444,https://www.ncoah.com/rules/register/Volume23Issue08October152008.pdf,application/pdf
445,https://www.ncoah.com/rules/register/Volume23Issue09November32008.pdf,application/pdf
446,https://www.ncoah.com/rules/register/Volume23Issue10November172008.pdf,application/pdf
447,https://www.ncoah.com/rules/register/Volume23Issue11December12008.pdf,application/pdf
448,https://www.ncoah.com/rules/register/Volume23Issue12December152008.pdf,application/pdf
449,https://www.ncoah.com/rules/register/Volume23Issue13January22009.pdf,application/pdf
450,https://www.ncoah.com/rules/register/Volume23Issue14January152009.pdf,application/pdf
451,https://www.ncoah.com/rules/register/Volume23Issue15February22009.pdf,application/pdf
452,https://www.ncoah.com/rules/register/Volume23Issue16February162009.pdf,application/pdf
453,https://www.ncoah.com/rules/register/Volume23Issue17March22009.pdf,application/pdf
454,https://www.ncoah.com/rules/register/Volume23Issue18March162009.pdf,application/pdf
455,https://www.ncoah.com/rules/register/Volume23Issue19April12009.pdf,application/pdf
456,https://www.ncoah.com/rules/register/Volume23Issue20April152009.pdf,application/pdf
457,https://www.ncoah.com/rules/register/Volume23Issue21May12009.pdf,application/pdf
458,https://www.ncoah.com/rules/register/Volume23Issue22May152009.pdf,application/pdf
459,https://www.ncoah.com/rules/register/Volume23Issue23June12009.pdf,application/pdf
460,https://www.ncoah.com/rules/register/Volume23Issue24June152009.pdf,application/pdf
461,https://www.ncoah.com/rules/register/Volume24Issue01July12009.pdf,application/pdf
462,https://www.ncoah.com/rules/register/Volume24Issue02July152009.pdf,application/pdf
463,https://www.ncoah.com/rules/register/Volume24Issue03August32009.pdf,application/pdf
464,https://www.ncoah.com/rules/register/Volume24Issue04August172009.pdf,application/pdf
465,https://www.ncoah.com/rules/register/Volume24Issue05September12009.pdf,application/pdf
466,https://www.ncoah.com/rules/register/Volume24Issue06September152009.pdf,application/pdf
467,https://www.ncoah.com/rules/register/Volume24Issue07October12009.pdf,application/pdf
468,https://www.ncoah.com/rules/register/Volume24Issue08October152009.pdf,application/pdf
469,https://www.ncoah.com/rules/register/Volume24Issue09November22009.pdf,application/pdf
470,https://www.ncoah.com/rules/register/Volume24Issue10November162009.pdf,application/pdf
471,https://www.ncoah.com/rules/register/Volume24Issue11December12009.pdf,application/pdf
472,https://www.ncoah.com/rules/register/Volume24Issue12December152009.pdf,application/pdf
473,https://www.ncoah.com/rules/register/Volume24Issue13January42010.pdf,application/pdf
474,https://www.ncoah.com/rules/register/Volume24Issue14January152010.pdf,application/pdf
475,https://www.ncoah.com/rules/register/Volume24Issue15February12010.pdf,application/pdf
476,https://www.ncoah.com/rules/register/Volume24Issue16February152010.pdf,application/pdf
477,https://www.ncoah.com/rules/register/Volume24Issue17March12010.pdf,application/pdf
478,https://www.ncoah.com/rules/register/Volume24Issue18March152010.pdf,application/pdf
479,https://www.ncoah.com/rules/register/Volume24Issue19April12010.pdf,application/pdf
480,https://www.ncoah.com/rules/register/Volume24Issue20April152010.pdf,application/pdf
481,https://www.ncoah.com/rules/register/Volume24Issue21May32010.pdf,application/pdf
482,https://www.ncoah.com/rules/register/Volume24Issue22May172010.pdf,application/pdf
483,https://www.ncoah.com/rules/register/Volume24Issue23June12010.pdf,application/pdf
484,https://www.ncoah.com/rules/register/Volume24Issue24June152010.pdf,application/pdf
485,https://www.ncoah.com/rules/register/Volume25Issue01July12010.pdf,application/pdf
486,https://www.ncoah.com/rules/register/Volume25Issue02July152010.pdf,application/pdf
487,https://www.ncoah.com/rules/register/Volume25Issue03August22010.pdf,application/pdf
488,https://www.ncoah.com/rules/register/Volume25Issue04August162010.pdf,application/pdf
489,https://www.ncoah.com/rules/register/Volume25Issue05September12010.pdf,application/pdf
490,https://www.ncoah.com/rules/register/Volume25Issue06September152010.pdf,application/pdf
491,https://www.ncoah.com/rules/register/Volume25Issue07October12010.pdf,application/pdf
492,https://www.ncoah.com/rules/register/Volume25Issue08October152010.pdf,application/pdf
493,https://www.ncoah.com/rules/register/Volume25Issue09November12010.pdf,application/pdf
494,https://www.ncoah.com/rules/register/Volume25Issue10November152010.pdf,application/pdf
495,https://www.ncoah.com/rules/register/Volume25Issue11December12010.pdf,application/pdf
496,https://www.ncoah.com/rules/register/Volume25Issue12December152010.pdf,application/pdf
497,https://www.ncoah.com/rules/register/Volume25Issue13January32011.pdf,application/pdf
498,https://www.ncoah.com/rules/register/Volume25Issue14January182011.pdf,application/pdf
499,https://www.ncoah.com/rules/register/Volume25Issue15February12011.pdf,application/pdf
500,https://www.ncoah.com/rules/register/Volume25Issue16February152011.pdf,application/pdf
501,https://www.ncoah.com/rules/register/Volume25Issue17March12011.pdf,application/pdf
502,https://www.ncoah.com/rules/register/Volume25Issue18March152011.pdf,application/pdf
503,https://www.ncoah.com/rules/register/Volume25Issue19April12011.pdf,application/pdf
504,https://www.ncoah.com/rules/register/Volume25Issue20April152011.pdf,application/pdf
505,https://www.ncoah.com/rules/register/Volume25Issue21May22011.pdf,application/pdf
506,https://www.ncoah.com/rules/register/Volume25Issue22May162011.pdf,application/pdf
507,https://www.ncoah.com/rules/register/Volume25Issue23June12011.pdf,application/pdf
508,https://www.ncoah.com/rules/register/Volume25Issue24June152011.pdf,application/pdf
509,https://www.ncoah.com/rules/register/Volume26Issue01.pdf,application/pdf
510,https://www.ncoah.com/rules/register/Volume26Issue02.pdf,application/pdf
511,https://www.ncoah.com/rules/register/Volume26Issue03.pdf,application/pdf
512,https://www.ncoah.com/rules/register/Volume26Issue04.pdf,application/pdf
513,https://www.ncoah.com/rules/register/Volume26Issue05.pdf,application/pdf
514,https://www.ncoah.com/rules/register/Volume26Issue06.pdf,application/pdf
515,https://www.ncoah.com/rules/register/Volume26Issue07.pdf,application/pdf
516,https://www.ncoah.com/rules/register/Volume26Issue08.pdf,application/pdf
517,https://www.ncoah.com/rules/register/Volume26Issue09.pdf,application/pdf
518,https://www.ncoah.com/rules/register/Volume26Issue10.pdf,application/pdf
519,https://www.ncoah.com/rules/register/Volume26Issue11.pdf,application/pdf
520,https://www.ncoah.com/rules/register/Volume26Issue12.pdf,application/pdf
521,https://www.ncoah.com/rules/register/Volume26Issue13.pdf,application/pdf
522,https://www.ncoah.com/rules/register/Volume26Issue14.pdf,application/pdf
523,https://www.ncoah.com/rules/register/Volume26Issue15.pdf,application/pdf
524,https://www.ncoah.com/rules/register/Volume26Issue16.pdf,application/pdf
525,https://www.ncoah.com/rules/register/Volume26Issue17.pdf,application/pdf
526,https://www.ncoah.com/rules/register/Volume26Issue18.pdf,application/pdf
527,https://www.ncoah.com/rules/register/Volume26Issue19.pdf,application/pdf
528,https://www.ncoah.com/rules/register/Volume26Issue20.pdf,application/pdf
529,https://www.ncoah.com/rules/register/Volume26Issue21.pdf,application/pdf
530,https://www.ncoah.com/rules/register/Volume26Issue22.pdf,application/pdf
531,https://www.ncoah.com/rules/register/Volume26Issue23.pdf,application/pdf
532,https://www.ncoah.com/rules/register/Volume26Issue24.pdf,application/pdf
533,https://www.ncoah.com/rules/register/Volume27Issue01.pdf,application/pdf
534,https://www.ncoah.com/rules/register/Volume27Issue02.pdf,application/pdf
535,https://www.ncoah.com/rules/register/Volume27Issue03.pdf,application/pdf
536,https://www.ncoah.com/rules/register/Volume27Issue04.pdf,application/pdf
537,https://www.ncoah.com/rules/register/Volume27Issue05.pdf,application/pdf
538,https://www.ncoah.com/rules/register/Volume27Issue06.pdf,application/pdf
539,https://www.ncoah.com/rules/register/Volume27Issue07.pdf,application/pdf
540,https://www.ncoah.com/rules/register/Volume27Issue08.pdf,application/pdf
541,https://www.ncoah.com/rules/register/Volume27Issue09.pdf,application/pdf
542,https://www.ncoah.com/rules/register/Volume27Issue10.pdf,application/pdf
543,https://www.ncoah.com/rules/register/Volume27Issue11.pdf,application/pdf
544,https://www.ncoah.com/rules/register/Volume27Issue12.pdf,application/pdf
545,https://www.ncoah.com/rules/register/Volume27Issue13.pdf,application/pdf
546,https://www.ncoah.com/rules/register/Volume27Issue14.pdf,application/pdf
547,https://www.ncoah.com/rules/register/Volume27Issue15.pdf,application/pdf
548,https://www.ncoah.com/rules/register/Volume27Issue16.pdf,application/pdf
549,https://www.ncoah.com/rules/register/Volume27Issue17.pdf,application/pdf
550,https://www.ncoah.com/rules/register/Volume27Issue18.pdf,application/pdf
551,https://www.ncoah.com/rules/register/Volume27Issue19.pdf,application/pdf
552,https://www.ncoah.com/rules/register/Volume27Issue20.pdf,application/pdf
553,https://www.ncoah.com/rules/register/Volume27Issue21.pdf,application/pdf
554,https://www.ncoah.com/rules/register/Volume27Issue22.pdf,application/pdf
555,https://www.ncoah.com/rules/register/Volume27Issue23.pdf,application/pdf
556,https://www.ncoah.com/rules/register/Volume27Issue24.pdf,application/pdf
557,https://www.ncoah.com/rules/register/Volume28Issue01July12013.pdf,application/pdf
558,https://www.ncoah.com/rules/register/Volume28Issue05September32013.pdf,application/pdf
559,https://www.ncoah.com/rules/register/Volume28Issue06September162013.pdf,application/pdf
560,https://www.ncoah.com/rules/register/Volume28Issue07October12013.pdf,application/pdf
561,https://www.ncoah.com/rules/register/Volume28Issue08October152013.pdf,application/pdf
562,https://www.ncoah.com/rules/register/Volume28Issue09November12013.pdf,application/pdf
563,https://www.ncoah.com/rules/register/Volume28Issue10November152013.pdf,application/pdf
564,https://www.ncoah.com/rules/register/Volume28Issue11December22013.pdf,application/pdf
565,https://www.ncoah.com/rules/register/Volume28Issue12December162013.pdf,application/pdf
566,https://www.ncoah.com/rules/register/Volume28Issue13January22014.pdf,application/pdf
567,https://www.ncoah.com/rules/register/Volume28Issue14January152014.pdf,application/pdf
568,https://www.ncoah.com/rules/register/Volume28Issue15February32014.pdf,application/pdf
569,https://www.ncoah.com/rules/register/Volume28Issue16February172014.pdf,application/pdf
570,https://www.ncoah.com/rules/register/Volume28Issue2July152013.pdf,application/pdf
571,https://www.ncoah.com/rules/register/Volume28IssueAugust12013.pdf,application/pdf
572,https://www.ncoah.com/rules/register/Volume28IssueAugust152013.pdf,application/pdf
573,https://www.ncoah.com/rules/register/Volume2Issue01.pdf,application/pdf
574,https://www.ncoah.com/rules/register/Volume2Issue02.pdf,application/pdf
575,https://www.ncoah.com/rules/register/Volume2Issue03.pdf,application/pdf
576,https://www.ncoah.com/rules/register/Volume2Issue04.pdf,application/pdf
577,https://www.ncoah.com/rules/register/Volume2Issue05.pdf,application/pdf
578,https://www.ncoah.com/rules/register/Volume2Issue06.pdf,application/pdf
579,https://www.ncoah.com/rules/register/Volume2Issue07.pdf,application/pdf
580,https://www.ncoah.com/rules/register/Volume2Issue08.pdf,application/pdf
581,https://www.ncoah.com/rules/register/Volume2Issue09.pdf,application/pdf
582,https://www.ncoah.com/rules/register/Volume2Issue10.pdf,application/pdf
583,https://www.ncoah.com/rules/register/Volume2Issue11.pdf,application/pdf
584,https://www.ncoah.com/rules/register/Volume2Issue12.pdf,application/pdf
585,https://www.ncoah.com/rules/register/Volume3Issue01.pdf,application/pdf
586,https://www.ncoah.com/rules/register/Volume3Issue02.pdf,application/pdf
587,https://www.ncoah.com/rules/register/Volume3Issue03.pdf,application/pdf
588,https://www.ncoah.com/rules/register/Volume3Issue04.pdf,application/pdf
589,https://www.ncoah.com/rules/register/Volume3Issue05.pdf,application/pdf
590,https://www.ncoah.com/rules/register/Volume3Issue06.pdf,application/pdf
591,https://www.ncoah.com/rules/register/Volume3Issue07.pdf,application/pdf
592,https://www.ncoah.com/rules/register/Volume3Issue08.pdf,application/pdf
593,https://www.ncoah.com/rules/register/Volume3Issue09.pdf,application/pdf
594,https://www.ncoah.com/rules/register/Volume3Issue10.pdf,application/pdf
595,https://www.ncoah.com/rules/register/Volume3Issue11.pdf,application/pdf
596,https://www.ncoah.com/rules/register/Volume3Issue12.pdf,application/pdf
597,https://www.ncoah.com/rules/register/Volume3Issue13.pdf,application/pdf
598,https://www.ncoah.com/rules/register/Volume3Issue14.pdf,application/pdf
599,https://www.ncoah.com/rules/register/Volume3Issue15.pdf,application/pdf
600,https://www.ncoah.com/rules/register/Volume3Issue16.pdf,application/pdf
601,https://www.ncoah.com/rules/register/Volume3Issue17.pdf,application/pdf
602,https://www.ncoah.com/rules/register/Volume3Issue18.pdf,application/pdf
603,https://www.ncoah.com/rules/register/Volume3Issue19.pdf,application/pdf
604,https://www.ncoah.com/rules/register/Volume3Issue20.pdf,application/pdf
605,https://www.ncoah.com/rules/register/Volume3Issue21.pdf,application/pdf
606,https://www.ncoah.com/rules/register/Volume3Issue22.pdf,application/pdf
607,https://www.ncoah.com/rules/register/Volume3Issue23.pdf,application/pdf
608,https://www.ncoah.com/rules/register/Volume3Issue24.pdf,application/pdf
609,https://www.ncoah.com/rules/register/Volume4Issue01.pdf,application/pdf
610,https://www.ncoah.com/rules/register/Volume4Issue02.pdf,application/pdf
611,https://www.ncoah.com/rules/register/Volume4Issue03.pdf,application/pdf
612,https://www.ncoah.com/rules/register/Volume4Issue04.pdf,application/pdf
613,https://www.ncoah.com/rules/register/Volume4Issue05.pdf,application/pdf
614,https://www.ncoah.com/rules/register/Volume4Issue06.pdf,application/pdf
615,https://www.ncoah.com/rules/register/Volume4Issue07.pdf,application/pdf
616,https://www.ncoah.com/rules/register/Volume4Issue08.pdf,application/pdf
617,https://www.ncoah.com/rules/register/Volume4Issue09.pdf,application/pdf
618,https://www.ncoah.com/rules/register/Volume4Issue10.pdf,application/pdf
619,https://www.ncoah.com/rules/register/Volume4Issue11.pdf,application/pdf
620,https://www.ncoah.com/rules/register/Volume4Issue12.pdf,application/pdf
621,https://www.ncoah.com/rules/register/Volume4Issue13.pdf,application/pdf
622,https://www.ncoah.com/rules/register/Volume4Issue14.pdf,application/pdf
623,https://www.ncoah.com/rules/register/Volume4Issue15.pdf,application/pdf
624,https://www.ncoah.com/rules/register/Volume4Issue16.pdf,application/pdf
625,https://www.ncoah.com/rules/register/Volume4Issue17.pdf,application/pdf
626,https://www.ncoah.com/rules/register/Volume4Issue18.pdf,application/pdf
627,https://www.ncoah.com/rules/register/Volume4Issue19.pdf,application/pdf
628,https://www.ncoah.com/rules/register/Volume4Issue20.pdf,application/pdf
629,https://www.ncoah.com/rules/register/Volume4Issue21.pdf,application/pdf
630,https://www.ncoah.com/rules/register/Volume4Issue22.pdf,application/pdf
631,https://www.ncoah.com/rules/register/Volume4Issue23.pdf,application/pdf
632,https://www.ncoah.com/rules/register/Volume4Issue24.pdf,application/pdf
633,https://www.ncoah.com/rules/register/Volume5Issue01.pdf,application/pdf
634,https://www.ncoah.com/rules/register/Volume5Issue02.pdf,application/pdf
635,https://www.ncoah.com/rules/register/Volume5Issue03.pdf,application/pdf
636,https://www.ncoah.com/rules/register/Volume5Issue04.pdf,application/pdf
637,https://www.ncoah.com/rules/register/Volume5Issue05.pdf,application/pdf
638,https://www.ncoah.com/rules/register/Volume5Issue06.pdf,application/pdf
639,https://www.ncoah.com/rules/register/Volume5Issue07.pdf,application/pdf
640,https://www.ncoah.com/rules/register/Volume5Issue08.pdf,application/pdf
641,https://www.ncoah.com/rules/register/Volume5Issue09.pdf,application/pdf
642,https://www.ncoah.com/rules/register/Volume5Issue10.pdf,application/pdf
643,https://www.ncoah.com/rules/register/Volume5Issue11.pdf,application/pdf
644,https://www.ncoah.com/rules/register/Volume5Issue12.pdf,application/pdf
645,https://www.ncoah.com/rules/register/Volume5Issue13.pdf,application/pdf
646,https://www.ncoah.com/rules/register/Volume5Issue14.pdf,application/pdf
647,https://www.ncoah.com/rules/register/Volume5Issue15.pdf,application/pdf
648,https://www.ncoah.com/rules/register/Volume5Issue16.pdf,application/pdf
649,https://www.ncoah.com/rules/register/Volume5Issue17.pdf,application/pdf
650,https://www.ncoah.com/rules/register/Volume5Issue18.pdf,application/pdf
651,https://www.ncoah.com/rules/register/Volume5Issue19.pdf,application/pdf
652,https://www.ncoah.com/rules/register/Volume5Issue20.pdf,application/pdf
653,https://www.ncoah.com/rules/register/Volume5Issue21.pdf,application/pdf
654,https://www.ncoah.com/rules/register/Volume5Issue22.pdf,application/pdf
655,https://www.ncoah.com/rules/register/Volume5Issue23.pdf,application/pdf
656,https://www.ncoah.com/rules/register/Volume5Issue24.pdf,application/pdf
657,https://www.ncoah.com/rules/register/Volume6Issue01.pdf,application/pdf
658,https://www.ncoah.com/rules/register/Volume6Issue02.pdf,application/pdf
659,https://www.ncoah.com/rules/register/Volume6Issue03.pdf,application/pdf
660,https://www.ncoah.com/rules/register/Volume6Issue04.pdf,application/pdf
661,https://www.ncoah.com/rules/register/Volume6Issue05.pdf,application/pdf
662,https://www.ncoah.com/rules/register/Volume6Issue06.pdf,application/pdf
663,https://www.ncoah.com/rules/register/Volume6Issue07.pdf,application/pdf
664,https://www.ncoah.com/rules/register/Volume6Issue08.pdf,application/pdf
665,https://www.ncoah.com/rules/register/Volume6Issue09.pdf,application/pdf
666,https://www.ncoah.com/rules/register/Volume6Issue10.pdf,application/pdf
667,https://www.ncoah.com/rules/register/Volume6Issue11.pdf,application/pdf
668,https://www.ncoah.com/rules/register/Volume6Issue12.pdf,application/pdf
669,https://www.ncoah.com/rules/register/Volume6Issue13.pdf,application/pdf
670,https://www.ncoah.com/rules/register/Volume6Issue14.pdf,application/pdf
671,https://www.ncoah.com/rules/register/Volume6Issue15.pdf,application/pdf
672,https://www.ncoah.com/rules/register/Volume6Issue16.pdf,application/pdf
673,https://www.ncoah.com/rules/register/Volume6Issue17.pdf,application/pdf
674,https://www.ncoah.com/rules/register/Volume6Issue18.pdf,application/pdf
675,https://www.ncoah.com/rules/register/Volume6Issue19.pdf,application/pdf
676,https://www.ncoah.com/rules/register/Volume6Issue20.pdf,application/pdf
677,https://www.ncoah.com/rules/register/Volume6Issue21.pdf,application/pdf
678,https://www.ncoah.com/rules/register/Volume6Issue22.pdf,application/pdf
679,https://www.ncoah.com/rules/register/Volume6Issue23.pdf,application/pdf
680,https://www.ncoah.com/rules/register/Volume6Issue24.pdf,application/pdf
681,https://www.ncoah.com/rules/register/Volume7Issue01.pdf,application/pdf
682,https://www.ncoah.com/rules/register/Volume7Issue02.pdf,application/pdf
683,https://www.ncoah.com/rules/register/Volume7Issue03.pdf,application/pdf
684,https://www.ncoah.com/rules/register/Volume7Issue04.pdf,application/pdf
685,https://www.ncoah.com/rules/register/Volume7Issue05.pdf,application/pdf
686,https://www.ncoah.com/rules/register/Volume7Issue06.pdf,application/pdf
687,https://www.ncoah.com/rules/register/Volume7Issue07.pdf,application/pdf
688,https://www.ncoah.com/rules/register/Volume7Issue08.pdf,application/pdf
689,https://www.ncoah.com/rules/register/Volume7Issue09.pdf,application/pdf
690,https://www.ncoah.com/rules/register/Volume7Issue10.pdf,application/pdf
691,https://www.ncoah.com/rules/register/Volume7Issue11.pdf,application/pdf
692,https://www.ncoah.com/rules/register/Volume7Issue12.pdf,application/pdf
693,https://www.ncoah.com/rules/register/Volume7Issue13.pdf,application/pdf
694,https://www.ncoah.com/rules/register/Volume7Issue14.pdf,application/pdf
695,https://www.ncoah.com/rules/register/Volume7Issue15.pdf,application/pdf
696,https://www.ncoah.com/rules/register/Volume7Issue16.pdf,application/pdf
697,https://www.ncoah.com/rules/register/Volume7Issue17.pdf,application/pdf
698,https://www.ncoah.com/rules/register/Volume7Issue18.pdf,application/pdf
699,https://www.ncoah.com/rules/register/Volume7Issue19.pdf,application/pdf
700,https://www.ncoah.com/rules/register/Volume7Issue20.pdf,application/pdf
701,https://www.ncoah.com/rules/register/Volume7Issue21.pdf,application/pdf
702,https://www.ncoah.com/rules/register/Volume7Issue22.pdf,application/pdf
703,https://www.ncoah.com/rules/register/Volume7Issue23.pdf,application/pdf
704,https://www.ncoah.com/rules/register/Volume7Issue24.pdf,application/pdf
705,https://www.ncoah.com/rules/register/Volume8Issue01.pdf,application/pdf
706,https://www.ncoah.com/rules/register/Volume8Issue02.pdf,application/pdf
707,https://www.ncoah.com/rules/register/Volume8Issue03.pdf,application/pdf
708,https://www.ncoah.com/rules/register/Volume8Issue04.pdf,application/pdf
709,https://www.ncoah.com/rules/register/Volume8Issue05.pdf,application/pdf
710,https://www.ncoah.com/rules/register/Volume8Issue06.pdf,application/pdf
711,https://www.ncoah.com/rules/register/Volume8Issue07.pdf,application/pdf
712,https://www.ncoah.com/rules/register/Volume8Issue08.pdf,application/pdf
713,https://www.ncoah.com/rules/register/Volume8Issue09.pdf,application/pdf
714,https://www.ncoah.com/rules/register/Volume8Issue10.pdf,application/pdf
715,https://www.ncoah.com/rules/register/Volume8Issue11.pdf,application/pdf
716,https://www.ncoah.com/rules/register/Volume8Issue12.pdf,application/pdf
717,https://www.ncoah.com/rules/register/Volume8Issue13.pdf,application/pdf
718,https://www.ncoah.com/rules/register/Volume8Issue14.pdf,application/pdf
719,https://www.ncoah.com/rules/register/Volume8Issue15.pdf,application/pdf
720,https://www.ncoah.com/rules/register/Volume8Issue16.pdf,application/pdf
721,https://www.ncoah.com/rules/register/Volume8Issue17.pdf,application/pdf
722,https://www.ncoah.com/rules/register/Volume8Issue18.pdf,application/pdf
723,https://www.ncoah.com/rules/register/Volume8Issue19.pdf,application/pdf
724,https://www.ncoah.com/rules/register/Volume8Issue20.pdf,application/pdf
725,https://www.ncoah.com/rules/register/Volume8Issue21.pdf,application/pdf
726,https://www.ncoah.com/rules/register/Volume8Issue22.pdf,application/pdf
727,https://www.ncoah.com/rules/register/Volume8Issue23.pdf,application/pdf
728,https://www.ncoah.com/rules/register/Volume8Issue24.pdf,application/pdf
729,https://www.ncoah.com/rules/register/Volume9Issue01.pdf,application/pdf
730,https://www.ncoah.com/rules/register/Volume9Issue02.pdf,application/pdf
731,https://www.ncoah.com/rules/register/Volume9Issue03.pdf,application/pdf
732,https://www.ncoah.com/rules/register/Volume9Issue04.pdf,application/pdf
733,https://www.ncoah.com/rules/register/Volume9Issue05.pdf,application/pdf
734,https://www.ncoah.com/rules/register/Volume9Issue06.pdf,application/pdf
735,https://www.ncoah.com/rules/register/Volume9Issue07.pdf,application/pdf
736,https://www.ncoah.com/rules/register/Volume9Issue08.pdf,application/pdf
737,https://www.ncoah.com/rules/register/Volume9Issue09.pdf,application/pdf
738,https://www.ncoah.com/rules/register/Volume9Issue10.pdf,application/pdf
739,https://www.ncoah.com/rules/register/Volume9Issue11.pdf,application/pdf
740,https://www.ncoah.com/rules/register/Volume9Issue12.pdf,application/pdf
741,https://www.ncoah.com/rules/register/Volume9Issue13.pdf,application/pdf
742,https://www.ncoah.com/rules/register/Volume9Issue14.pdf,application/pdf
743,https://www.ncoah.com/rules/register/Volume9Issue15.pdf,application/pdf
744,https://www.ncoah.com/rules/register/Volume9Issue16.pdf,application/pdf
745,https://www.ncoah.com/rules/register/Volume9Issue17.pdf,application/pdf
746,https://www.ncoah.com/rules/register/Volume9Issue18.pdf,application/pdf
747,https://www.ncoah.com/rules/register/Volume9Issue19.pdf,application/pdf
748,https://www.ncoah.com/rules/register/Volume9Issue20.pdf,application/pdf
749,https://www.ncoah.com/rules/register/Volume9Issue21.pdf,application/pdf
750,https://www.ncoah.com/rules/register/Volume9Issue22.pdf,application/pdf
751,https://www.ncoah.com/rules/register/Volume9Issue23.pdf,application/pdf
752,https://www.ncoah.com/rules/register/Volume9Issue24.pdf,application/pdf
753,"https://www.ncoah.com/rules/register/Volume%2031%20Issue%2009%20November%201,%202016.docx",application/vnd.openxmlformats-officedocument.wordprocessingml.document
754,"https://www.ncoah.com/rules/register/Volume%2032%20Issue%2001%20July%203,%202017.docx",application/vnd.openxmlformats-officedocument.wordprocessingml.document
755,"https://www.ncoah.com/rules/register/Volume%2032%20Issue%2002%20July%2017,%202017.docx",application/vnd.openxmlformats-officedocument.wordprocessingml.document
756,"https://www.ncoah.com/rules/register/Volume%2032%20Issue%2003%20August%201,%202017.docx",application/vnd.openxmlformats-officedocument.wordprocessingml.document
757,"https://www.ncoah.com/rules/register/Volume%2032%20Issue%2004%20August%2015,%202017.docx",application/vnd.openxmlformats-officedocument.wordprocessingml.document
758,"https://www.ncoah.com/rules/register/Volume%2032%20Issue%2005%20September%201,%202017.docx",application/vnd.openxmlformats-officedocument.wordprocessingml.document
759,"https://www.ncoah.com/rules/register/Volume%2032%20Issue%2006%20September%2015,%202017.docx",application/vnd.openxmlformats-officedocument.wordprocessingml.document
760,"https://www.ncoah.com/rules/register/Volume%2032%20Issue%2007%20October%202,%202017.docx",application/vnd.openxmlformats-officedocument.wordprocessingml.document
761,"https://www.ncoah.com/rules/register/Volume%2032%20Issue%2008%20October%2016,%202017.docx",application/vnd.openxmlformats-officedocument.wordprocessingml.document
762,"https://www.ncoah.com/rules/register/Volume%2032%20Issue%2009%20November%201,%202017.docx",application/vnd.openxmlformats-officedocument.wordprocessingml.document
763,"https://www.ncoah.com/rules/register/Volume%2032%20Issue%2010%20November%2015,%202017.docx",application/vnd.openxmlformats-officedocument.wordprocessingml.document
764,"https://www.ncoah.com/rules/register/Volume%2032%20Issue%2011%20December%201,%202017.docx",application/vnd.openxmlformats-officedocument.wordprocessingml.document
765,"https://www.ncoah.com/rules/register/Volume%2032%20Issue%2012%20December%2015,%202017.docx",application/vnd.openxmlformats-officedocument.wordprocessingml.document
766,"https://www.ncoah.com/rules/register/Volume%2032%20Issue%2013%20January%202,%202018.docx",application/vnd.openxmlformats-officedocument.wordprocessingml.document
767,"https://www.ncoah.com/rules/register/Volume%2032%20Issue%2014%20January%2016,%202018.docx",application/vnd.openxmlformats-officedocument.wordprocessingml.document
768,"https://www.ncoah.com/rules/register/Volume%2032%20Issue%2015%20February%201,%202018.docx",application/vnd.openxmlformats-officedocument.wordprocessingml.document
769,"https://www.ncoah.com/rules/register/Volume%2032%20Issue%2016%20February%2015,%202018.docx",application/vnd.openxmlformats-officedocument.wordprocessingml.document
770,"https://www.ncoah.com/rules/register/Volume%2032%20Issue%2017%20March%201,%202018.docx",application/vnd.openxmlformats-officedocument.wordprocessingml.document
771,"https://www.ncoah.com/rules/register/Volume%2032%20Issue%2018%20March%2015,%202018.docx",application/vnd.openxmlformats-officedocument.wordprocessingml.document
772,"https://www.ncoah.com/rules/register/Volume%2032%20Issue%2019%20April%202,%202018.docx",application/vnd.openxmlformats-officedocument.wordprocessingml.document
773,"https://www.ncoah.com/rules/register/Volume%2032%20Issue%2020%20April%2016,%202018.docx",application/vnd.openxmlformats-officedocument.wordprocessingml.document
774,"https://www.ncoah.com/rules/register/Volume%2032%20Issue%2021%20May%201,%202018.docx",application/vnd.openxmlformats-officedocument.wordprocessingml.document
775,"https://www.ncoah.com/rules/register/Volume%2032%20Issue%2022%20May%2015,%202018.docx",application/vnd.openxmlformats-officedocument.wordprocessingml.document
776,"https://www.ncoah.com/rules/register/Volume%2032%20Issue%2023%20June%201,%202018.docx",application/vnd.openxmlformats-officedocument.wordprocessingml.document
777,"https://www.ncoah.com/rules/register/Volume%2032%20Issue%2024%20June%2015,%202018.docx",application/vnd.openxmlformats-officedocument.wordprocessingml.document
778,"https://www.ncoah.com/rules/register/Volume%2033%20Issue%2002%20July%2016,%202018.docx",application/vnd.openxmlformats-officedocument.wordprocessingml.document
779,"https://www.ncoah.com/rules/register/Volume%2033%20Issue%201%20July%202,%202018.docx",application/vnd.openxmlformats-officedocument.wordprocessingml.document
