uid,link,hbr,text,created,updated
1,"<a href=""http://www.icontact-archive.com/vOqCY89My5XrlXBDkDMm0AEgy-YuCsJ9?w=3"" title=""Click to view this issue."">HBR Alert - April 1, 2015</a>",e-Enroll HBRs,"<div class=""ExternalClassAA1D73089FE343C2BD3F9E960F7B4045""><p>?2015 Aon Hewitt Training for eEnroll HBRs</p></div>",5/27/15 22:34,5/28/15 0:09
2,"<a href=""http://www.icontact-archive.com/vOqCY89My5XrlXBDkDMm0AEgy-YuCsJ9?w=3"" target=""_blank"" title=""HBR Alert - March 22, 2015"">HBR Alert - March 22, 2015</a>",All HBRs,"<div class=""ExternalClass34F75D92D8AC44ECBC42D420D84FA38F""><p>?Help Employees Get Their Retirement Health Plan Questions Answered</p></div>",6/14/15 17:12,6/14/15 17:12
3,"<a href=""http://www.icontact-archive.com/vOqCY89My5XrlXBDkDMm0A0_IKrSXmCM?w=3"" target=""_blank"">Implementation Update - July 10, 2014</a>",All HBRs,"<div class=""ExternalClassE1DDAF0812104EDB93AEEA237FF0FC09""><ul><li>?Payroll Connectivity</li><br /><li>Transition Schedule</li><br /><li>What's Next<br></li></ul></div>",6/16/15 8:36,6/16/15 8:44
4,"<a href=""http://www.icontact-archive.com/vOqCY89My5XrlXBDkDMm0AEgy-YuCsJ9?w=3"" title=""Click to view this issue."">HBR Alert - April 6, 2015</a>",All HBRs,"<div class=""ExternalClass8168D2A4EACD438E84AB0AE3DFC75174""><p>?State Health Plan Messaging Survey</p></div>",5/27/15 22:30,5/28/15 0:08
5,"<a href=""http://www.icontact-archive.com/vOqCY89My5XrlXBDkDMm0KuM5Wg6rPyT?w=3"" target=""_blank"" title=""HBR Alert - March 23, 2015"">HBR Alert - March 23, 2015</a>",HBRs in Raleigh,"<div class=""ExternalClassD467EB43A2D84B88BCC946CD5413B334""><p>?Go Red in Raleigh Event Rescheduled to March 31, 2015</p></div>",6/14/15 17:14,6/14/15 17:14
6,"<a href=""http://www.icontact-archive.com/vOqCY89My5XrlXBDkDMm0Mjs8AKRjIJ2?w=3"" target=""_blank"" title=""HBR Update - February 16, 2015"">HBR Update - February 16, 2015</a>",All HBRs,"<div class=""ExternalClass303F0A5695A54E3F9CAC963642CBC9D6""><ul><li>?Important Retirement Process Reminders</li><br /><li>Reminder&#58; Stork Rewards Continues in 2015</li><br /><li>Encourage Employees to Take Action to Learn About Heart Disease Risks</li><br /><li>Upcoming Webinar&#58; Jumpstart Your Health</li><br /><li>March is Colorectal Cancer Awareness Month</li></ul></div>",6/14/15 17:23,6/14/15 17:23
7,"<a href=""http://www.icontact-archive.com/vOqCY89My5XrlXBDkDMm0P_Pi7PgBLgh?w=3"" title=""Click to view this issue."">HBR Update - April 20, 2015</a>",All HBRs,"<div class=""ExternalClass3707B831CDC34691AFC49A367EC7C8D4""><ul><li>2015 Aon Hewitt Implementation HBR Training</li><br /><li>Premium Billing and Enrollment Reconciliation</li><br /><li>Health Reimbursement Accounts, Flexible Spending and Health Savings Accounts � What Are the Differences?</li><br /><li>Nominate your Wellness Champion</li><br /><li>Encourage Employees to Get Healthier by Knowing Their Numbers Upcoming Webinar&#58; What Your Numbers Mean and Why They Matter</li></ul><br /></div>",5/27/15 22:24,6/14/15 17:30
8,"<a href=""http://www.icontact-archive.com/vOqCY89My5XrlXBDkDMm0LxvBPE1hNJl?w=3"" target=""_blank"">HBR Alert - May 14, 2015</a>",All HBRs,"<div class=""ExternalClass0A9A6FB37C8E40B08F3C2D78DC172B81""><p>?Important Updates about eBilling; Aon Transition Reminder<br></p></div>",6/16/15 18:38,6/16/15 18:38
9,"<a href=""http://www.icontact-archive.com/vOqCY89My5XrlXBDkDMm0KuM5Wg6rPyT?w=3"" target=""_blank"" title=""HBR Alert - February 18, 2015"">HBR Alert - February 18, 2015</a>",HBRs in Raleigh,"<div class=""ExternalClass9D0E515691094FD98D18687CBB12489D""><p style=""font-size&#58;10.6667px;"">?<span style=""font-family&#58;verdana,geneva,sans-serif;line-height&#58;18px;"">Go Red Event Postponed</span></p></div>",6/14/15 17:22,6/14/15 17:22
10,"<a href=""http://www.icontact-archive.com/vOqCY89My5XrlXBDkDMm0FKboYED43MK?w=3"" target=""_blank"">Implementation Update - March 9, 2015</a>",All HBRs,"<div class=""ExternalClass51AD7E7FD705420BA7D4F8518A89219B""><ul><li>Missing Social Security Number Collection</li><br /><li>HBR Support Model</li><br /><li>Dual Coverage</li><br /><li>NC Flex Benefits?</li></ul></div>",6/16/15 8:33,6/16/15 8:33
11,"<a href=""http://www.icontact-archive.com/vOqCY89My5XrlXBDkDMm0Mjs8AKRjIJ2?w=3"" target=""_blank"" title=""HBR Update - January 20, 2015"">HBR Update - January 20, 2015</a>",All HBRs,"<div class=""ExternalClass0F2ACCF6BFC745E4B664DB487FDB6F97""><ul><li>?Help Employees Quit Tobacco This Year!</li><br /><li>Encourage Employees at Your Worksite to Take Charge of Their Health!</li><br /><li>Additional Permitted Election Changes for Health Coverage under Section 125</li><br /><li>Members Can Save Money on Knee and Hip Surgery</li></ul></div>",6/14/15 17:28,6/14/15 17:28
12,"<a href=""http://www.icontact-archive.com/vOqCY89My5XrlXBDkDMm0AXmY57C8OWm?w=3"" title=""Click to view this issue."">HBR Alert - April 22, 2015</a>","HBRs in Greene, Jones and Lenoir Counties","<div class=""ExternalClassC7F2B2F1A290493EB7073CB4D3500602"">Wellness Wins Health Screenings Coming to Greene, Jones and Lenoir Counties</div>",5/27/15 21:32,5/28/15 0:08
13,"<a href=""http://www.icontact-archive.com/vOqCY89My5XrlXBDkDMm0M-wOoh2SuVU?w=3"" target=""_blank"">HBR Update - May 18, 2015</a>",All HBRs,"<div class=""ExternalClassA0FFA7CF998C491FACC6B5F3A528D4EA""><ul><li>?Reminder&#58; 2015 Aon Hewitt Implementation Coming Soon</li><br /><li>Understanding the Mind-Body Connection</li><br /><li>Webinar&#58; Starting the Conversation with Your Provider</li><br /><li>Adding Newborns � Important Change</li><br /><li>Paper Enrollment Forms Reminder</li><br /><li>Pending Legislation</li></ul><br /><p><br></p></div>",6/16/15 18:40,6/16/15 18:40
14,"<a href=""http://www.icontact-archive.com/vOqCY89My5XrlXBDkDMm0AEgy-YuCsJ9?w=3"" target=""_blank"" title=""HBR Alert - March 30, 2015"">HBR Alert - March 30, 2015</a>",BEACON HBRs,"<div class=""ExternalClassED6E00BEBDE243739696172D47913976""><p>?Transition to Aon Hewitt for BEACON Agencies</p></div>",6/14/15 17:09,6/14/15 17:09
15,"<a href=""http://www.icontact-archive.com/vOqCY89My5XrlXBDkDMm0EfwtNGYym-2?w=3"" target=""_blank"" title=""HBR Update - March 16, 2015"">HBR Update - March 16, 2015</a>",All HBRs,"<div class=""ExternalClass37E740A6948943FABA27F12C46AC1DBF""><ul><li>?Make a Difference at Your Worksite&#58; Registration for Wellness Champions is Now Open</li><br /><li>2015 Aon Hewitt Implementation</li><br /><li>Annual Enrollment Has Ended</li><br /><li>Terminations for Non-Payment</li><br /><li>How to Save Money on the CDHP</li><br /><li>It's a Berry Good Time for Eat Smart, Move More, Weigh Less</li><br /><li>Worksite Wellness Means Both Safety and Fun</li><br /><li>March is National Nutrition Month</li><br /><li>NEW!! 2015 New Hire Brainshark</li></ul></div>",6/14/15 17:17,6/14/15 17:17
16,"<a href=""http://www.icontact-archive.com/vOqCY89My5XrlXBDkDMm0AXmY57C8OWm?w=3"" title=""Click to view this issue."">HBR Alert - April 23, 2015</a>",e-Enroll HBRs,"<div class=""ExternalClassFB27C0D6F6D846EFB87F5F267179D527"">Important � Transition Timeline to Aon Hewitt</div>",5/27/15 21:31,5/28/15 0:08
17,"<a href=""/Medical%20Benefits/alert_053014.pdf"" target=""_blank"">HBR Alert - May 30, 2014</a>",All HBRs,"<div class=""ExternalClass127E07376853419BB4D395D401E8DCBE""><p>?Important Notice to eEnroll Agencies - Vendor Update</p></div>",6/16/15 8:38,6/16/15 8:38
18,"<a href=""http://www.icontact-archive.com/vOqCY89My5XrlXBDkDMm0Jb88IFZInUn?w=3"" target=""_blank"" title=""HBR Alert - February 12, 2015"">HBR Alert - February 12, 2015</a>",HBRs in Raleigh,"<div class=""ExternalClass6B6F08C8BC044D94A2C141585A219C8B""><p>?Go Red in Raleigh, February 18, 2015</p></div>",6/14/15 17:25,6/14/15 17:25
19,"<a href=""http://www.icontact-archive.com/vOqCY89My5XrlXBDkDMm0Lnon9cbyT71?w=3"" target=""_blank"" title=""HBR Alert - January 12, 2015"">HBR Alert - January 12, 2015</a>",e-Enroll HBRs,"<div class=""ExternalClass47B78243C57A436CBBCF2974B9EB7DEF""><p>?Future Termination Event Feature Disabled?</p></div>",6/14/15 17:29,6/14/15 17:29
20,"<a href=""http://www.icontact-archive.com/vOqCY89My5XrlXBDkDMm0BMWfYD7Q0nh?w=3"" target=""_blank"">Implementation Update - January 8, 2015</a>",All HBRs,"<div class=""ExternalClassFBE5AB5CF2494D6DBD0D9EF49835C7A8""><p>?Enrollment Transition<br></p></div>",6/16/15 8:35,6/16/15 8:35
21,"<a href=""http://www.icontact-archive.com/vOqCY89My5XrlXBDkDMm0DkwMLzPZXRg?w=3"" target=""_blank"" title=""Click to view this issue."">HBR Alert - April 28, 2015</a>","HBRs in Greene, Jones and Lenoir Counties","<div class=""ExternalClass3A6CAC14E7434368B57833647B75CD81"">Registration Timeline Extended Until April 29 for Wellness Wins Health Screening in Lenoir County?</div>",5/27/15 17:31,5/28/15 0:07
22,"<a href=""http://www.icontact-archive.com/vOqCY89My5XrlXBDkDMm0KuM5Wg6rPyT?w=3"" target=""_blank"" title=""HBR Alert - March 4, 2015"">HBR Alert - March 4, 2015</a>",All HBRs,"<div class=""ExternalClass55FE518332C542B2B67D5D05396B28F7""><p>?Make a difference at your worksite!</p></div>",6/14/15 17:18,6/14/15 17:18
23,"<a href=""http://www.icontact-archive.com/vOqCY89My5XrlXBDkDMm0Brutz6kArn_?w=3"" target=""_blank"">HBR Alert - May 20, 2015</a>",All HBRs,"<div class=""ExternalClass93ED5EFDCDC844E6835251705CC7362E""><p>?Aon Hewitt Go Live � Important Contact Information for HBRs</p></div>",6/16/15 18:42,6/16/15 18:42
24,"<a href=""http://www.icontact-archive.com/vOqCY89My5XrlXBDkDMm0IVQZcnpQG5N?w=3"" target=""_blank"">HBR Alert - June 8, 2015</a>",All HBRs,"<div class=""ExternalClass4F34C4E25C38474092E4193672BFF307""><p>?Aon Hewitt Go Live Week Summary<br></p></div>",6/16/15 18:48,6/16/15 18:48
25,"<a href=""http://www.icontact-archive.com/vOqCY89My5XrlXBDkDMm0CmUmqQEqU0y?w=3"" target=""_blank"">HBR Alert - June 10, 2015</a>",All HBRs,"<div class=""ExternalClassEDF37FD5DDDA41828A04D0436786720B""><p>?2016 Annual Enrollment Training for HBRs�Register TODAY!</p></div>",6/16/15 18:49,6/16/15 18:49
26,"<a href=""http://www.icontact-archive.com/vOqCY89My5XrlXBDkDMm0N9QvyRvkjS0?w=3"" target=""_blank"">HBR Update - June 15, 2015</a>",All HBRs,"<div class=""ExternalClassBA11E27C3ED94A7BA2BA015798F15A24""><ul><li>?Getting an Early Start on Annual Enrollment, Premium Credits, and Good Health</li><br /><li>2016 Annual Enrollment Training for Health Benefit Representatives</li><br /><li>Termination Processing Rule Changes to 30 days</li><br /><li>Dependent Eligibility Verification</li><br /><li>New Hires and Qualifying Life Events Reminder</li><br /><li>Legislation Modifies Retiree Enrollment, Disenrollment Rules</li><br /><li>Bundled Payments Now Available for Knee Replacement Surgery</li><br /><li>Tips on How to be a Clear Communicator</li></ul></div>",6/16/15 18:52,6/16/15 18:52
27,"<a href=""http://www.icontact-archive.com/vOqCY89My5XrlXBDkDMm0Jq3SegdxeD6?w=3"" target=""_blank"">HBR Alert - June 3, 2015</a>","HBRs in Greene, Jones and Lenior Counties","<div class=""ExternalClassB0AE2ECEDB4449DB90AA438A1E286F8F""><p>?Health Screenings Coming to Greene and Jones Counties</p></div>",6/16/15 18:47,6/16/15 18:47
28,"<a href=""http://www.icontact-archive.com/vOqCY89My5XrlXBDkDMm0FnmzbL5kKIO?w=3"" target=""_blank"">HBR Alert - June 16, 2015</a>",All HBRs,"<div class=""ExternalClass632305C3E8594311A7AA793DBDDD4316""><ul><li>?The eEnroll system including inbound and outbound file processing remains down as Aon Hewitt works to resolve the data conversion issues uncovered last week</li><br /><li>Due to this delay, we suggest you process payroll using the deduction information you currently have in your systems</li><br /><li>Process is in place to assist members who have an emergency need for a prescription or have an appointment this week or next week and need an ID card</li></ul><br /><p></p></div>",6/16/15 19:50,6/16/15 19:50
29,"<a href=""http://www.icontact-archive.com/vOqCY89My5XrlXBDkDMm0EJjF1yFjjjJ?w=3"" target=""_blank"">HBR Alert - June 19, 2015</a>",All HBRs,"<div class=""ExternalClassC1FEBDC555CD4E9CB99A3466454EC79C""><p>?The eEnroll system is now up and running for active members only. </p></div>",6/30/15 10:39,6/30/15 10:40
30,"<a href=""http://www.icontact-archive.com/vOqCY89My5XrlXBDkDMm0LtR_yMMmwjm?w=3"" target=""_blank"">HBR Alert - June 23, 2015</a>",All HBRs,"<div class=""ExternalClass4432753F4DA541E58F015858F8F25787""><p>?e-Enroll scheduled for retirees</p><br /><p>Enrollment file schedules and target start dates </p></div>",7/7/15 10:48,7/7/15 10:53
31,"<a href=""http://www.icontact-archive.com/vOqCY89My5XrlXBDkDMm0GIYNbAPOWub?w=3"" target=""_blank"">HBR Alert - June 11, 2015</a>",All HBRs,"<div class=""ExternalClass28A84DD5BFDF40019A6A09F599B3B58D""><p>?eEnroll System DOWN-Please Read</p></div>",6/16/15 18:50,6/16/15 18:50
32,"<a href=""http://www.icontact-archive.com/vOqCY89My5XrlXBDkDMm0Bs6Th6cTgX3?w=3"" target=""_blank"">HBR Alert - May 28, 2015</a>",All HBRs,"<div class=""ExternalClass41F2F3D410004EF9A8DDE2467B7C8CAE""><p>Aon Hewitt Go Live � Reminders and Resource Guides?</p></div>",6/16/15 18:44,6/16/15 18:44
33,"<a href=""http://www.icontact-archive.com/vOqCY89My5XrlXBDkDMm0F0K1WXqHs6h?w=3"" target=""_blank"">HBR Alert - May 22, 2015</a>",All HBRs,"<div class=""ExternalClass70CC3877227941F588012831B91CC7BF""><p>?Aon Hewitt Go Live � Important Contact Information for HBRs-CORRECTION</p></div>",6/16/15 18:43,6/16/15 18:43
34,"<a href=""http://www.icontact-archive.com/vOqCY89My5XrlXBDkDMm0EtpfTwxfd9O?w=3"" target=""_blank"">HBR Alert - June 25, 2015</a>",All HBRs,"<div class=""ExternalClassB2B8EF4271854DDD820B4AC004D6442C""><ul><li>?eEnroll system is now up for retired members and remains open for active members</li><br /><li>As Aon Hewitt has been working on the enrollment files, continued validation and clean-up has caused delays which have impacted the target dates</li><br /><li>Enrollment file schedule, target start dates, and revised target start dates</li></ul></div>",7/7/15 10:52,7/7/15 10:52
35,"<a href=""http://www.icontact-archive.com/vOqCY89My5XrlXBDkDMm0GjuOexp-P-g?w=3"" target=""_blank"">HBR Alert - June 30, 2015</a>",All HBRs,"<div class=""ExternalClass116EA63FCE32414C9AC948A0064D0F78""><ul><li>?eEnroll Update Regarding 7/1 Enrollments</li><br /><li>Aon Hewitt experiencing issues in delivering enrollment files to the Plan�s vendor partners <br></li><br /><li>Resulting issue for any members that were added into eEnroll during the month of June for a July 1, 2015, effective date</li><br /><li>Contact information for medical services during this time</li></ul></div>",7/7/15 10:58,7/7/15 10:58
36,"<a href=""http://www.icontact-archive.com/vOqCY89My5XrlXBDkDMm0JC5UAPFjqBU?w=3"" target=""_blank"">HBR Alert - July 2, 2015</a>",All HBRs,"<div class=""ExternalClass631658BEA2E9409BAEF6465732178C3D"">Update on eEnroll Update Regarding 7/1 Enrollments</div>",7/7/15 11:02,7/7/15 11:02
37,"<a href=""http://www.icontact-archive.com/vOqCY89My5XrlXBDkDMm0JzfVDoTDil1?w=3"" target=""_blank"">HBR Update - July 21, 2015</a>",All HBRs,"<div class=""ExternalClass757C4AEBE35E49A5BC8E18D014F9117A""><ul style=""color&#58;#000000;font-size&#58;8pt;""><li><div style=""font-size&#58;8pt;"">?<span>Reminder&#58; 2016 Annual Enrollment Training for HBRs</span></div></li><br /><li><div style=""font-size&#58;8pt;""><span>Annual Enrollment and Aon Hewitt Readiness</span></div></li><br /><li style=""font-family&#58;verdana;""><div><span>Help Members Understand the New Step to the PCP Wellness Premium Credit</span></div></li><br /><li style=""font-family&#58;verdana;""><div>Please promote the Free Upcoming Webinar 'Tips to Quit Tobacco'</div></li></ul></div>",7/21/15 8:50,7/21/15 8:50
38,"<a href=""http://www.icontact-archive.com/vOqCY89My5XrlXBDkDMm0HiUOeWixDNI?w=3"" target=""_blank"">HBR Alert - July 15, 2015</a>",All HBRs,"<div class=""ExternalClass37F1D1D7BA524324B0244AE38CDC87D0""><p>eEnroll Update</p></div>",7/17/15 11:10,7/17/15 11:18
39,"<a href=""http://www.icontact-archive.com/vOqCY89My5XrlXBDkDMm0LKclcIg4T2m?w=3"" target=""_blank"">HBR Alert - August 7, 2015</a>",All HBRs,"<div class=""ExternalClass64F5B9C406AF4EB4A600CE69FBD8C578""><p>?Important State Health Plan and NCFlex eEnroll Announcement-Transition Update </p></div>",8/10/15 11:44,8/10/15 11:44
40,"<a href=""http://www.icontact-archive.com/vOqCY89My5XrlXBDkDMm0NASFg8WeNv6?w=3"" target=""_blank"">HBR Alert - July 22, 2015</a>",All HBRs,"<div class=""ExternalClassFBE633B3FD3447E2B583B9BE1C542832""><p>?eEnroll Update</p></div>",7/22/15 12:46,7/22/15 12:46
41,"<a href=""http://www.icontact-archive.com/vOqCY89My5XrlXBDkDMm0H6zQZ-XA-7s?w=3"" target=""_blank"">HBR Alert - September 1, 2015</a>",All HBRs,"<div class=""ExternalClass95F6AB0D22B2459C823E09D77EE63822""><p>?Transition Update and Annual Enrollment Changes</p></div>",9/1/15 16:29,9/1/15 16:29
42,"<a href=""http://www.icontact-archive.com/vOqCY89My5XrlXBDkDMm0DpfrLD5PyV4?w=3"" target=""_blank"">HBR Alert - August 28, 2015</a>",All HBRs,"<div class=""ExternalClassDF31FD1147414220A5648E986CCFF968""><p>?Important � Online Enrollment Blackout Begins Monday, August 31, at 5 P.M.</p></div>",8/28/15 16:39,8/28/15 16:39
43,"<a href=""http://www.icontact-archive.com/vOqCY89My5XrlXBDkDMm0NlMa2BrGGOa?w=3"" target=""_blank"">HBR Alert - September 14, 2015</a>",All HBRs,"<div class=""ExternalClassCE6E5BBCD01B4992AE3C87CE3B1283F2""><p>?<span><span>Transition Update&#58; Benefitfocus Training Opportunities?<span style=""display&#58;inline-block;""></span></span></span></p></div>",9/14/15 11:00,9/14/15 11:00
44,"<a href=""http://pages.icpro.co/archive/bWVzc2FnZV8zMDY1ODYwXzE3M18xMTIwXzIwMDI0"" target=""_blank"">HBR Alert - February 26, 2015</a>",All HBRs,"<div class=""ExternalClassE43EA4D049454E92A6E089F0E2AF7A59""><p style=""font-size&#58;10.6667px;"">?<span style=""font-family&#58;verdana, geneva, sans-serif;line-height&#58;18px;"">Anthem Data Breach Information</span></p></div>",6/14/15 17:20,10/27/16 15:02
45,"<a href=""http://www.icontact-archive.com/vOqCY89My5XrlXBDkDMm0Euf4RHztvoy?w=3"" target=""_blank"">HBR Alert - August 5, 2015</a>",All HBRs,"<div class=""ExternalClass93ED24D11BDE4657A17430B11B70B5DB""><p>?It's Time to Plan for Flu Shot Clinics</p></div>",8/10/15 11:41,8/10/15 11:41
46,"<a href=""http://www.icontact-archive.com/vOqCY89My5XrlXBDkDMm0GvvVmKF02hS?w=3"" target=""_blank"">HBR Alert - September 18, 2015</a>",All HBRs,"<div class=""ExternalClass54989C126D98496CA4214837D8787BD2""><p>?Important History Lesson&#58; Wellness Credits and Updating Employee Information</p></div>",9/18/15 11:30,9/18/15 11:30
47,"<a href=""http://www.icontact-archive.com/vOqCY89My5XrlXBDkDMm0EAs6qtu-pGC?w=3"" target=""_blank"">HBR Update - September 21, 2015</a>",All HBRs,"<div class=""ExternalClass42C3FE86AF5B442089F49B6CF045714B""><p>?Transition Update&#58; Wellness Credits and Updating Employee Information</p></div>",9/21/15 15:01,9/21/15 15:01
48,"<a href=""http://www.icontact-archive.com/vOqCY89My5XrlXBDkDMm0LUVZ5Y7PVio?w=3"" target=""_blank"">HBR Alert - September 11, 2015</a>",All HBRs,"<div class=""ExternalClass901C623CF9224396AD289E896A09FA64""><p>?Transition Update&#58; Key Action Items for HBRs</p></div>",9/14/15 10:56,9/14/15 10:56
49,"<a href=""http://www.icontact-archive.com/vOqCY89My5XrlXBDkDMm0EyCcq3ivpHR?w=3"" title=""View Member Focus - Special Edition - September 16, 2015"">Member Focus - Special Edition - September 16, 2015</a>",All HBRs,"<div class=""ExternalClass68E1A865CFD343808612700A1A958FCF""><br />PLEASE FORWARD TO YOUR EMPLOYEES<br><ul><li>?2016 Annual Enrollment dates have changed</li><br /><br /><li>2016 Premium Rates Announced</li><br /><li>Board Decision to Delay Tobacco Attestation for 70/30 Plan</li><br /><li>Your Health Assessment - Take it Now!</li><br /><li>Attention Medicare Retirees - 2016 Plan Changes</li><br /><li>New this Year - Telephone Town Halls</li></ul><br /></div>",10/6/15 17:11,10/6/15 17:11
50,"<a href=""http://www.icontact-archive.com/vOqCY89My5XrlXBDkDMm0IZx8miTwfhf?w=3"" target=""_blank"">HBR Alert - October 6, 2015</a>",All HBRs,"<div class=""ExternalClassA5018492AF814A6A99B049C443057451""><ul><li>?Important NEW Information Regarding Enrollment and the High Deductible Health Plan</li><br /><li>Support Options for Required ACA Employer Reporting Webinars</li><br /><li>Important Annual Enrollment Announcements</li></ul></div>",10/6/15 9:37,10/6/15 9:37
51,"<a href=""http://www.icontact-archive.com/vOqCY89My5XrlXBDkDMm0CqH4FK-_gtD?w=3"" target=""_blank"">HBR Alert - September 15, 2015</a>",All HBRs,"<div class=""ExternalClassD4FD0554E35A42C080BC437599BD94AE""><p>Transition Update&#58; eEnroll is Now Open fo Active Employees?</p></div>",9/15/15 14:12,9/15/15 14:12
52,"<a href=""http://www.icontact-archive.com/vOqCY89My5XrlXBDkDMm0J3y-a7-bIeE?w=3"" target=""_blank"">HBR Alert - October 12, 2015</a>",All HBRs,"<div class=""ExternalClassC857C66D9A9A4FA0A7DB46DF36284189""><p>?Annual Enrollment Starts Thursday, October 15</p></div>",10/12/15 10:05,10/12/15 10:05
53,"<a href=""http://www.icontact-archive.com/vOqCY89My5XrlXBDkDMm0KIuNw5JqVt1?w=3%20"" target=""_blank"">HBR Alert � August 3, 2015</a>",All HBRs,"<div class=""ExternalClass253221B52BF849F787ACEC91076E2063""><p>?Important Plan and NCFlex eEnroll Announcement-Vendor Update</p></div>",8/4/15 14:41,8/4/15 14:43
54,"<a href=""http://www.icontact-archive.com/vOqCY89My5XrlXBDkDMm0Gj7INIl9j69?w=3"" target=""_blank"">HBR Alert - October 22, 2015</a>",All HBRs,"<div class=""ExternalClass29F80966E90645978736F4BAC7D64FCE""><ul><li>?Rate Display Error in eEnroll</li><br /><li>Health Assessment Credits Display</li><br /><li>PCMH Video</li><br /><li>eEnroll Acess Issues</li><br /><li>Groups Offering NC Flex Benefits</li></ul></div>",10/22/15 15:23,10/22/15 15:23
55,"<a href=""http://www.icontact-archive.com/vOqCY89My5XrlXBDkDMm0DMVrVHPc6os?w=3%20"" target=""_blank"">HBR Alert - October 14, 2015</a>",All HBRs,"<div class=""ExternalClassABA6DC721EF448B09F41CFCC9733759B""><p>?Updated Support Options for Required ACA Employer Reporting</p></div>",10/14/15 14:31,10/14/15 14:31
56,"<a href=""http://pages.icpro.co/archive/bWVzc2FnZV8zMDY1ODYwXzI2XzExMjBfMjAwMjQ="" target=""_blank"">HBR Update - October 19, 2015</a>",All HBRs,"<div class=""ExternalClass52BC9961EA7F4915A2B0FF40B69C5866""><ul><li>Annual Enrollment is Under Way!</li><br /><li>Have You Scheduled Your Flu Shot Clinic?</li><br /><li>FREE NC HealthSmart Webinar&#58; Diabetes and the Holidays<br></li></ul></div>",10/19/15 18:12,10/19/15 18:12
57,"<a href=""http://www.icontact-archive.com/vOqCY89My5XrlXBDkDMm0PIytfvRhHhF?w=3"" target=""_blank"">HBR Alert - September 25, 2015</a>",All HBRs,"<div class=""ExternalClassEA3C56BD70EA4997BCD286A189F54ED1""><ul><li>2016 Employer Contributions Announced</li><br /><li>Health Assessment Call to Action!<br></li></ul></div>",9/30/15 8:22,9/30/15 8:22
58,"<a href=""http://www.icontact-archive.com/vOqCY89My5XrlXBDkDMm0HoAliNOXi0k?w=3"" target=""_blank"">HBR Alert - October 23, 2015</a>",All HBRs,"<div class=""ExternalClass8C09FBF956064C5B80A40E579E358FF7""><p><span><span>?Important Update on IRS 6055 and 6056 Reporting Solution for Employers Participating in the North Carolina State Health Plan<span style=""display&#58;inline-block;""></span></span></span>??</p></div>",10/26/15 17:46,10/26/15 17:46
59,"<a href=""http://www.icontact-archive.com/vOqCY89My5XrlXBDkDMm0Ac3zB9Xv3zO?w=3"" target=""_blank"">HBR Update - August 18, 2015</a>",All HBRs,"<div class=""ExternalClass17FA2F5FC15C44E082BF7E829D814B24""><ul><li>?Important Plan and NCFlex eEnroll Announcement - Vendor Transition Update</li><br /><li>Prescription Home Delivery Offered to Members with Long-Term Medications</li><br /><li>New This Year - Telephone Town Hall Events for Annual Enrollment</li><br /><li>Have You Scheduled Your Flu Shot Clinic?</li><br /><li>Let us Know How We're Doing!</li></ul></div>",8/18/15 12:53,8/18/15 12:53
60,"<a href=""http://pages.icpro.co/archive/bWVzc2FnZV8zMDY1ODYwXzM1XzExMjBfMjAwMjQ="" target=""_blank"">HBR Alert - November 10, 2015</a>",All HBRs,"<div class=""ExternalClassCA2634AC408E4367B3D1163E239DD930""><p>?Annual Enrollment Updates and Reminders</p></div>",11/10/15 14:51,11/10/15 14:51
61,"<a href=""http://www.icontact-archive.com/vOqCY89My5XrlXBDkDMm0Cdee3VvFjBg?w=3"" target=""_blank"">HBR Alert - October 15, 2015</a>",All HBRs,"<div class=""ExternalClass06B7680E3A334BD8A2C58EBEF0F31812""><p>?Annual Enrollment Starts TODAY!</p></div>",10/16/15 0:40,10/16/15 0:40
62,"<a href=""http://www.icontact-archive.com/vOqCY89My5XrlXBDkDMm0BlY4H62rxwR?w=3"" target=""_blank"">HBR Alert - August 26, 2015</a>",All HBRs,"<div class=""ExternalClassC7AF9A7E13624D8BB18E18F4F3992324""><p>?Implementation Update</p></div>",8/27/15 23:06,8/27/15 23:06
63,"<a href=""http://pages.icpro.co/archive/bWVzc2FnZV8zMDY1ODYwXzMzXzExMjBfMjAwMjQ="" target=""_blank"">HBR Alert - November 6, 2015</a>",All HBRs,"<div class=""ExternalClass7ED0E8BC735646A0A3C34DA5D4E3C32E""><p>Annual Enrollment Ends November 18?</p></div>",11/6/15 11:48,11/6/15 11:48
64,"<a href=""http://pages.icpro.co/archive/bWVzc2FnZV8zMDY1ODYwXzMyXzExMjBfMjAwMjQ="" target=""_blank"">HBR Alert - November 2, 2015</a>",All HBRs,"<div class=""ExternalClass99E912CCE1D04171876A9A9BDEA99BB5""><p>?Annual Enrollment Ends November 18!<br></p></div>",11/3/15 9:49,11/3/15 10:45
65,"<a href=""http://pages.icpro.co/archive/bWVzc2FnZV8zMDY1ODYwXzM4XzExMjBfMjAwMjQ="" target=""_blank"">HBR Alert - November 18, 2015</a>",All HBRs,"<div class=""ExternalClass828BFCA359224ED2A4CDD38AD189B178""><p>?Annual Enrollment Ends Today!<br></p></div>",11/18/15 12:22,11/18/15 12:22
66,"<a href=""http://pages.icpro.co/archive/bWVzc2FnZV8zMDY1ODYwXzI4XzExMjBfMjAwMjQ="" target=""_blank"">HBR Alert - October 28, 2015</a>",All HBRs,"<div class=""ExternalClass4366C6A12DAC41A593EC07D9FF10221D""><p>?Annual Enrollment Update</p></div>",10/29/15 8:14,10/29/15 8:14
67,"<a href=""http://pages.icpro.co/archive/bWVzc2FnZV8zMDY1ODYwXzM5XzExMjBfMjAwMjQ="" target=""_blank"">HBR Alert - November 19, 2015</a>",All HBRs,"<div class=""ExternalClass21E9C734C0A94609AEF3BC556E439554""><ul><li>?Annual Enrollment Wraps Up!</li><br /><li>Exceptions Process<br></li></ul></div>",11/20/15 8:19,12/1/15 11:57
68,"<a href=""http://pages.icpro.co/archive/bWVzc2FnZV8zMDY1ODYwXzQxXzExMjBfMjAwMjQ="" target=""_blank"">HBR Alert - November 25, 2015</a>",All HBRs,"<div class=""ExternalClassDC9E88B0B0254FE78392D3D7D8AA6A9B""><p>?Premium Billing and Enrollment Reconciliation</p></div>",11/25/15 10:57,11/25/15 10:57
69,"<a href=""http://pages.icpro.co/archive/bWVzc2FnZV8zMDY1ODYwXzQ0XzExMjBfMjAwMjQ="" target=""_blank"">HBR Alert - December 11, 2015</a>",All HBRs,"<div class=""ExternalClass8EADCDAFF83E4EBAA96C353F98F99E9E""><p>Post Annual Enrollment Update?</p></div>",1/6/16 12:32,1/6/16 12:32
70,"<a href=""http://pages.icpro.co/archive/bWVzc2FnZV8zMDY1ODYwXzM3XzExMjBfMjAwMjQ="" target=""_blank"">HBR Alert - November 17, 2015</a>",All HBRs,"<div class=""ExternalClass850C9B8351D24A01A478A7BE573027C6""><p>?Annual Enrollment Ends Tomorrow!</p></div>",11/17/15 14:36,11/17/15 14:36
71,"<a href=""http://www.icontact-archive.com/vOqCY89My5XrlXBDkDMm0Im-3VH8goVB?w=3"" target=""_blank"">HBR Alert - September 30, 2015</a>",All HBRs,"<div class=""ExternalClass6BAB095B02124A37949EB65050F97053""><p>?Important Information about Support Options for Required ACA Employer Reporting</p></div>",9/30/15 15:46,9/30/15 15:46
72,"<a href=""http://pages.icpro.co/archive/bWVzc2FnZV8zMDY1ODYwXzU1XzExMjBfMjAwMjQ="" target=""_blank"">HBR Update - February 15, 2016</a>",All HBRs,"<div class=""ExternalClassEF50BEB4967A4816B812FF0BB526F544""><ul><li>?New Hires and Qualifying Life Events Reminder</li><br /><li>Retirement Termination Process</li><br /><li>Employee Termination Reminders</li><br /><li>Quarterly Onsite HBR Meetings</li><br /><li>Heart Health - For Everything that is Close to Yours</li><br /><li>Did You Know - CDHP Pharmacy Card</li><br /><li>Monthly HBR Webinars</li><br /><li>Free Wellness Webinars</li></ul><br /><p></p></div>",2/16/16 13:17,2/16/16 13:17
73,"<a href=""http://pages.icpro.co/archive/bWVzc2FnZV8zMDY1ODYwXzYwXzExMjBfMjAwMjQ="" target=""_blank"">HBR Alert - February 22, 2016</a>",All HBRs,"<div class=""ExternalClassD490130A455845B59F0FBCB8466568A6""><p>?Navigating Your State Health Plan Benefits and Retirement&#58; Understanding How the State Health Plan and Medicare Work Together Meetings Announced<br></p></div>",3/23/16 9:14,3/23/16 9:14
74,"<a href=""/BenefitReps/connect/Documents/HBR_Alert-1-26-16.pdf"" target=""_blank"">HBR Alert - January 26, 2016</a>",All HBRs,"<div class=""ExternalClassAE008A06ED9247AFBEC772823627F10E""><p>?Tax Information Update</p></div>",1/26/16 15:57,2/10/16 12:42
75,"<a href=""http://pages.icpro.co/archive/bWVzc2FnZV8zMDY1ODYwXzY0XzExMjBfMjAwMjQ="" target=""_blank"">HBR Update - March 21, 2016</a>",All HBRs,"<div class=""ExternalClassECAD0E0564134881BFE68F09C93F75D9""><ul><li>?Coming April 1&#58; New Health Engagement Program for CDHP Members!<br></li><br /><li>Reminder&#58; Stork Rewards Still Delivering in 2016<br></li><br /><li>Did You Know? </li></ul></div>",3/23/16 9:24,3/23/16 9:24
76,"<a href=""http://www.icontact-archive.com/vOqCY89My5XrlXBDkDMm0BQzX5mPde1N?w=3"" target=""_blank"">HBR Alert - August 14, 2015</a>",All HBRs,"<div class=""ExternalClass1F361EEED507448EA3AD748E3F185C88""><p>?Important Plan and NCFlex eEnroll Announcement -&#160;Vendor Transition Update</p></div>",8/17/15 8:31,8/17/15 8:31
77,"<a href=""http://pages.icpro.co/archive/bWVzc2FnZV8zMDY1ODYwXzQ1XzExMjBfMjAwMjQ="" target=""_blank"">HBR Update - January 19, 2016</a>",All HBRs,"<div class=""ExternalClass6CF9B3EC64D241B5986B1613B03C517E""><div dir=""ltr"" class=""ExternalClassF9FF8974891C42E0BCA2037AECDC0E89"" style=""text-align&#58;left;""><ul><li>Coming Soon&#58; Quarterly HBR Training Sessions</li><br /><li>Monthly HBR Webinars</li><br /><li>?Rates for Part-Time Employees and Employees on Leave of Absence</li><br /><li>Identity Protection Services Available to Members</li><br /><li>Help Your Employees be Wise and Well this New Year&#58; 5 Questions to Ask Their Provider</li><br /><li>NC HealthSmart&#58; New Hours of Operation</li><br /><li>Upcoming Free Webinar</li><br /><li><div>Did You Know? Managing Out-of-Pocket Costs</div></li></ul></div></div>",1/19/16 15:18,1/19/16 16:02
78,"<a href=""http://pages.icpro.co/archive/bWVzc2FnZV8zMDY1ODYwXzQyXzExMjBfMjAwMjQ="" target=""_blank"">HBR Update - December 14, 2015</a>",All HBRs,"<div class=""ExternalClass83232CB186C44F0489D2F577196895A5""><ul><li>?Annual Numbers Increase</li><br /><li>New Hire Kits</li><br /><li>Coming in 2016&#58; New HBR Training and Outreach Opportunities</li><br /><li>Important Reminder Regarding Enrollment and the High Deductible Health Plan</li><br /><li>Financial Wellness During the Holidays</li><br /><li>Help Members Become Tobacco-Free in 2016</li><br /><li>Eat Smart, Move More, Weigh Less Series Begins in January!<br></li></ul></div>",12/15/15 14:58,12/15/15 14:58
79,"<a href=""http://pages.icpro.co/archive/bWVzc2FnZV8zMDY1ODYwXzg0XzExMjBfMjAwMjQ="" target=""_blank"">HBR Update - April 18, 2016</a>",All HBRs,"<div class=""ExternalClassD2E5650A4E93482DA242D0FA4B0B47F4""><p></p><br /><ul><li>?Special Notification&#58; All Health Assessment Data Will Be Cleared May 1, 2016</li><br /><li>Premium Billing and Enrollment Reconciliation</li><br /><li>New Health Engagement Program for CDHP Members</li><br /><li>The Wellness Champion Program is Growing</li><br /><li>New Hires and Qualifying Life Events Reminder</li><br /><li>Did You Know</li></ul><br /><p><br></p></div>",4/21/16 13:20,4/21/16 13:20
80,"<a href=""http://pages.icpro.co/archive/bWVzc2FnZV8zMDY1ODYwXzgwXzExMjBfMjAwMjQ="" target=""_blank"">HBR Alert - April 8, 2016</a>",All HBRs,"<div class=""ExternalClass2E9503CF9CD846759C22EBDFF82AB3B5""><p>?Health Assesment Data to be Cleared May 1, 2016</p></div>",4/21/16 13:16,4/21/16 13:16
81,"<a href=""http://pages.icpro.co/archive/bWVzc2FnZV8zMDY1ODYwXzEwNV8xMTIwXzIwMDI0"" target=""_blank"">HBR Alert - June 28, 2016</a>",All HBRs,"<div class=""ExternalClass93BC4DD2D27142B18D9191AA41F5060A""><p>?2017 Open Enrollment Training for HBRs - Register TODAY!</p></div>",7/12/16 15:05,7/12/16 15:05
82,"<a href=""http://pages.icpro.co/archive/bWVzc2FnZV8zMDY1ODYwXzExOF8xMTIwXzIwMDI0"" target=""_blank"">HBR Alert - July 25, 2016</a>",All HBRs,"<div class=""ExternalClassC27DA8D53FAD4E638C4960B3511CA61F""><p>Flu Shot Clinic Information<br></p></div>",7/25/16 16:31,7/25/16 16:31
83,"<a href=""http://pages.icpro.co/archive/bWVzc2FnZV8zMDY1ODYwXzkxXzExMjBfMjAwMjQ="" target=""_blank"">HBR Alert - April 27, 2016</a>",All HBRs,"<div class=""ExternalClassE401D8C626BC4F9BAFB142FE8A0CD20B""><p>Free Health Screenings on May 11 at the 2016 Wellness &amp; Safety Expo?</p></div>",4/27/16 14:00,4/27/16 14:00
84,"<a href=""http://pages.icpro.co/archive/bWVzc2FnZV8zMDY1ODYwXzExN18xMTIwXzIwMDI0"" target=""_blank"">HBR Update - July 18, 2016</a>",All HBRs,"<div class=""ExternalClassCAB3EC51F262438BAAD8DD9C6FAC0C19""><ul><li>?Reminder - 2017 Open Enrollment Training for HBRs</li><br /><li>Important Retirement Process Reminders</li><br /><li>Who to Contact for HDHP Member Issues and Inquiries</li><br /><li>Check Out the New Improvements to the Personal Health Portal</li></ul></div>",7/25/16 16:28,7/25/16 16:28
85,"<a href=""http://pages.icpro.co/archive/bWVzc2FnZV8zMDY1ODYwXzEwN18xMTIwXzIwMDI0"" target=""_blank"">HBR Alert - July 22, 2016</a>",All HBRs,"<div class=""ExternalClassD89A3B4142C8427C87BC5EC222CAFAEB""><p>?2016 Membership Satisfaction Survey<br></p></div>",7/25/16 16:30,7/25/16 16:30
86,"<a href=""http://pages.icpro.co/archive/bWVzc2FnZV8zMDY1ODYwXzEyM18xMTIwXzIwMDI0"" target=""_blank"">HBR Alert - August 9, 2016</a>",All HBRs,"<div class=""ExternalClass4B29F97EFEA543B2AC5EDDE12CC9978D""><p>?2017 Premium Rates</p></div>",8/24/16 11:25,8/24/16 11:30
87,"<a href=""http://pages.icpro.co/archive/bWVzc2FnZV8zMDY1ODYwXzEwNl8xMTIwXzIwMDI0"" target=""_blank"">HBR Update - June 20, 2016</a>",All HBRs,"<div class=""ExternalClassD931CDA6E29F4EA5A59F5CD77E48947E""><ul><li>?Plan Benefit Changes for 2017<br></li><br /><li>2017 Open Enrollment Training for HBRs<br></li><br /><li>Communication Portal Reopening<br></li><br /><li>Vendors Authorized for Claims Recovery<br></li><br /><li>Reminder&#58; New Health Resource - RivalHealth<br></li><br /><li>Be Sun Safe this Summer<br></li></ul></div>",6/22/16 17:09,6/22/16 17:09
88,"<a href=""http://pages.icpro.co/archive/bWVzc2FnZV8zMDY1ODYwXzEyOV8xMTIwXzIwMDI0"" target=""_blank"">HBR Alert - September 6, 2016</a>",All HBRs,"<div class=""ExternalClass7D5C58DF8E7E459B92768EFDBD851FE1""><p>?Approved 2017 Plan Designs</p></div>",9/21/16 13:37,9/21/16 13:37
89,"<a href=""http://pages.icpro.co/archive/bWVzc2FnZV8zMDY1ODYwXzEzNV8xMTIwXzIwMDI0"" target=""_blank"">HBR Update - September 19, 2016</a>",All HBRs,"<div class=""ExternalClass744B904086E441C7B346B2234ABF1A95""><p><ul><li>?2017 Open Enrollment Important Information<br></li><br /><li>Help Your Employees Understand Their 2017 State Health Plan Benefits<br></li><br /><li>Employees Can Complete Their Health Assessment Online Early for a Chance to Win a Prize!<br></li><br /><li>For CDHP Members&#58; A New Incentive Period for Healthy Lifestyles Begins October 1<br></li><br /><li>Help Members Choose the Care that's Right for Them<br></li><br /><li>It's Time to Plan for Flu Shot Clinics<br></li></ul><br /><br></p><br /><p><br></p></div>",9/21/16 13:35,9/21/16 13:35
90,"<a href=""http://pages.icpro.co/archive/bWVzc2FnZV8zMDY1ODYwXzE2Nl8xMTIwXzIwMDI0"" target=""_blank"">HBR Update - October 17, 2016</a>",All HBRs,"<div class=""ExternalClass4CA33A66DC944791B2D04BEF06F603B8""><p><ul><li>?2017 Open Enr<span style=""font-size&#58;8pt;"">o</span><span style=""font-size&#58;8pt;"">llment Ends October 31</span><br></li><br /><li>New Policies Regarding Enrollment Exceptions and Non-Payment Rules<br></li><br /><li>Express Scripts Home Delivery Pilot Program Ending<br></li><br /><li>It's Time to Plan for Flu Shot Clinics<br></li><br /><li>Encourage Members to Join the 2016 Maintain, Don't Gain Holiday Challenge!<br></li><br /><li>An App a Day for Better Health<br></li></ul><br /><br></p></div>",10/21/16 13:57,10/21/16 13:57
91,"<a href=""http://pages.icpro.co/archive/bWVzc2FnZV8zMDY1ODYwXzE0M18xMTIwXzIwMDI0"" target=""_blank"">HBR Alert - September 28, 2016</a>",All HBRs,"<div class=""ExternalClassF661906E4FDC45AF8B4F7B2B74D7A2AB""><p>?2017 Open Enrollment Resources at Your Fingertips</p></div>",10/5/16 13:14,10/5/16 13:14
92,"<a href=""http://pages.icpro.co/archive/bWVzc2FnZV8zMDY1ODYwXzE1M18xMTIwXzIwMDI0"" target=""_blank"">HBR Alert - October 5, 2016 </a>",All HBRs,"<div class=""ExternalClass25562A92ECD14E519D6DEDCA0D75D33B""><p style=""font-family&#58;verdana;font-size&#58;10.6667px;"">?<span>Eligibility and Enrollment Support Center Update - Hurricane Matthew</span></p><br /><span style=""font-size&#58;10.6667px;""><br /></span><br /><span style=""font-family&#58;arial;""><br /></span><br /><span style=""font-size&#58;13.3333px;""><br /></span><br /><span style=""font-size&#58;20px;""><span style=""font-family&#58;&quot;trebuchet ms&quot;, helvetica, sans-serif;""><span>&#160;?<br></span></span></span></div>",10/5/16 13:20,10/5/16 13:20
93,"<a href=""http://pages.icpro.co/archive/bWVzc2FnZV8zMDY1ODYwXzExNl8xMTIwXzIwMDI0"" target=""_blank"">HBR Alert - July 14, 2016</a>",All HBRs,"<div class=""ExternalClass3A09079467D34DE8B79CBB0FEB02DCD4""><p>Information about 1095 Reporting and Social Security Number Validation Effort</p></div>",7/25/16 16:20,11/16/16 12:34
94,"<a href=""http://pages.icpro.co/archive/bWVzc2FnZV8zMDY1ODYwXzE1Ml8xMTIwXzIwMDI0"" target=""_blank"">HBR Alert - October 3, 2016 </a>",All HBRs,"<div class=""ExternalClassEA9A268353D44B2BA7E69A6C124D1721""><p>?2017 Open Enrollment is Under Way&#58; Reminders and Open Enrollment Issues for NCFlex Users<br></p></div>",10/5/16 13:12,10/5/16 13:18
95,"<a href=""http://pages.icpro.co/archive/bWVzc2FnZV8zMDY1ODYwXzEyMV8xMTIwXzIwMDI0"" target=""_blank"">HBR Update - August 15, 2016</a>",All HBRs,"<div class=""ExternalClassD3D977FF006D462ABBC197C5CE710974""><p><ul><li><span style=""font-size&#58;8pt;"">?Let Us Know How We're Doing!</span><br></li><br /><li><span style=""font-size&#58;8pt;"">Coming Soon&#58; Updated Member Role in eEnroll</span><br></li><br /><li><span style=""font-size&#58;8pt;"">Employee Termination Rules to Help You Follow the Law</span><br></li><br /><li><span style=""font-size&#58;8pt;"">Take Your Online Health Assessment Early - Win a Chance for a Prize!</span><br></li><br /><li><span style=""font-size&#58;8pt;"">It's Time to Plan for Flu Shot Clinics</span><br></li><br /><li><span style=""font-size&#58;8pt;"">New Employee Training Available on BEACON</span><br></li><br /><li><span style=""font-size&#58;8pt;"">Eat Smart, Move More, Weigh Less!</span><br></li></ul><br /><br></p></div>",8/24/16 11:28,8/24/16 11:28
96,"<a href=""http://pages.icpro.co/archive/bWVzc2FnZV8zMDY1ODYwXzE0OF8xMTIwXzIwMDI0"">HBR Alert - October 18, 2016</a>",All HBRs,"<div class=""ExternalClass34E8AEE640954D308FDBED91EAE6E729""><p>?Open Enrollment...We're Halfway There!</p></div>",10/21/16 14:00,10/21/16 14:00
97,"<a href=""http://pages.icpro.co/archive/bWVzc2FnZV8zMDY1ODYwXzE2N18xMTIwXzIwMDI0"" target=""_blank"">HBR Alert - October 24, 2016</a>",All HBRs,"<div class=""ExternalClass8E384F16F39A48BA9B842653E650A156""><p>?Open Enrollment Extended Until Nov. 5</p></div>",10/24/16 16:52,10/31/16 10:58
98,"<a href=""http://pages.icpro.co/archive/bWVzc2FnZV8zMDY1ODYwXzExOV8xMTIwXzIwMDI0"" target=""_blank"">HBR Alert - August 19, 2016</a>",All HBRs,"<div class=""ExternalClass93B5D1CFB06F4A6E9CF19CBAEF48006D""><p>30-Day Window for HDHP Enrollment?</p></div>",8/24/16 11:32,8/24/16 11:32
99,"<a href=""http://pages.icpro.co/archive/bWVzc2FnZV8zMDY1ODYwXzE3MV8xMTIwXzIwMDI0"" target=""_blank"">HBR Alert - October 26, 2016</a>",All HBRs,"<div class=""ExternalClass95D2A49B19BE46B2BF8E6380022CAB1A""><p>?Open Enrollment End Approaching - Members Must Take Action</p></div>",10/31/16 8:55,10/31/16 10:58
100,"<a href=""http://pages.icpro.co/archive/bWVzc2FnZV8zMDY1ODYwXzExNF8xMTIwXzIwMDI0"" target=""_blank"">HBR Alert - July 8, 2016</a>",All HBRs,"<div class=""ExternalClassD9A6AD0D16004112BAD736EB74648690""><p>?Reminder - eEnroll is a Self-Service System </p></div>",7/12/16 15:07,7/12/16 15:08
101,"<a href=""http://pages.icpro.co/archive/bWVzc2FnZV8zMDY1ODYwXzY4XzExMjBfMjAwMjQ="" target=""_blank"">HBR Alert - March 15, 2016</a>",All HBRs,"<div class=""ExternalClass4B9A71E31BE449A8BDBEEC245AEDB4A5""><p>?NEW Health Resources Available to Consumer-Directed Health Plan Members - Learn More at the March 16 HBR Monthly Webinar<br></p></div>",3/23/16 9:17,3/23/16 9:17
102,"<a href=""http://pages.icpro.co/archive/bWVzc2FnZV8zMDY1ODYwXzE3Nl8xMTIwXzIwMDI0"" target=""_blank"">HBR Alert - November 2, 2016</a>",All HBRs,"<div class=""ExternalClassE26CEA8D24B1415FA08DE30548B1EFEA""><p>?Open Enrollment Approval Deadline</p></div>",11/2/16 17:05,11/3/16 15:54
103,"<a href=""http://pages.icpro.co/archive/bWVzc2FnZV8zMDY1ODYwXzE4NF8xMTIwXzIwMDI0"" target=""_blank"">HBR Alert - November 16, 2016</a>",All HBRs,"<div class=""ExternalClassD167A2B9CD694CD698E4466E632021CC""><p>?Social Security Number Collection Update</p></div>",11/16/16 14:18,11/16/16 14:34
104,"<a href=""http://pages.icpro.co/archive/bWVzc2FnZV8zMDY1ODYwXzE3NV8xMTIwXzIwMDI0"" target=""_blank"">HBR Update - November 14, 2016</a>",All HBRs,"<div class=""ExternalClass10AF75EB64444151B08F89190C7E0AF3""><p><ul><li>?New ID Cards, Pharmacy Provider Coming Soon<br></li><br /><li>New Policies Regarding Enrollment Exceptions and Non-Payment Rules<br></li><br /><li>Termination Processing Rule<br></li><br /><li>Reminder - eEnroll is a Self-Service System<br></li><br /><li>Diabetes Awareness Month<br></li><br /><li>Great Amer<span style=""font-size&#58;8pt;"">ican Smokeout is November 17</span><br></li><br /><li>Encourage Members to Join the 2016 Maintain, Don't Gain Holiday Challenge<br></li><br /><li>It's Time to Plan for Flu Shot Clinics<br></li></ul><br /><br><br></p></div>",11/15/16 14:20,11/15/16 14:20
105,"<a href=""http://pages.icpro.co/archive/bWVzc2FnZV8zMDY1ODYwXzE5Ml8xMTIwXzIwMDI0"" target=""_blank"">HBR Alert - December 14, 2016</a>",All HBRs,"<div class=""ExternalClass1B24C19E7A7444AC82A8B7C17B47008E""><p>Additional 2017 Benefit Changes<br></p></div>",12/15/16 10:07,12/15/16 10:16
106,"<a href=""http://pages.icpro.co/archive/bWVzc2FnZV8zMDY1ODYwXzE3NF8xMTIwXzIwMDI0"" target=""_blank"">HBR Alert - October 31, 2016</a>",All HBRs,"<div class=""ExternalClass0FCC9EFF02BD4EF790AF92E5FB6FFB06""><p>?Open Enrollment&#58; Last Day for Extended Call Center Support</p></div>",10/31/16 10:57,10/31/16 10:58
107,"<a href=""http://pages.icpro.co/archive/bWVzc2FnZV8zMDY1ODYwXzM2XzExMjBfMjAwMjQ="">HBR Alert - November 16, 2015</a>",All HBRs,"<div class=""ExternalClassCCE1F0D8753048878E2FFCC5606A74B4""><p>Annual Enr?ollment Ends Wednesday!</p></div>",11/16/15 13:09,11/16/15 13:09
108,"<a href=""http://pages.icpro.co/archive/bWVzc2FnZV8zMDY1ODYwXzE4MV8xMTIwXzIwMDI0"" target=""_blank"">HBR Alert - November 4, 2016</a>",All HBRs,"<div class=""ExternalClass20F65C4D02094B6DA386329AF8358B8C""><p>?Open Enrollment is Ending</p></div>",11/7/16 8:47,11/16/16 12:32
109,"<a href=""http://pages.icpro.co/archive/bWVzc2FnZV8zMDY1ODYwXzIxOF8xMTIwXzIwMDI0"" target=""_blank"">HBR Alert - February 27, 2017</a>",All HBRs,"<div class=""ExternalClass1A43F19916454B29BC1920C8BBF0B46F""><p>?State Health Plan Supporting Documentation Requirements</p></div>",2/28/17 9:25,2/28/17 9:25
110,"<a href=""http://pages.icpro.co/archive/bWVzc2FnZV8zMDY1ODYwXzIwN18xMTIwXzIwMDI0"" target=""_blank"">HBR Alert - January 23, 2017</a>",All HBRs,"<div class=""ExternalClass02F2AC04A1B848CDA66056DB8ED8049C""><p>?Deadline to Submit Open Enrollment Exceptions is Januray 31, 2017</p></div>",1/25/17 11:39,1/25/17 11:39
111,"<a href=""http://pages.icpro.co/archive/bWVzc2FnZV8zMDY1ODYwXzMwXzExMjBfMjAwMjQ="" target=""_blank"">HBR Update - November 13, 2015</a>",All HBRs,"<div class=""ExternalClassF6A4CFE8C5074E1E857AF6D651B787EE""><ul><li>?Annual Enrollment Ends November 18!</li><br /><li>2016 Plan Options for Non-Permanent Employees</li><br /><li>Designated Providers and Hospitals&#58; Who They Are and Where to Find Them</li><br /><li>Have You Scheduled Your Flu Shot Clinic?</li><br /><li>Getting It Done&#58; Regaining Your Energy</li></ul><br /><p><br></p></div>",11/13/15 13:55,11/13/15 13:55
112,"<a href=""http://pages.icpro.co/archive/bWVzc2FnZV8zMDY1ODYwXzIxMl8xMTIwXzIwMDI0"" target=""_blank"">HBR Alert - February 13, 2017</a>",All HBRs,"<div class=""ExternalClass8901239D07D84BD1B91CF2581F3490DB""><p>?Tobacco Attestation Premium Credit Reversed for Members Who Failed to Enroll in QuitlineNC</p></div>",2/13/17 12:12,2/13/17 12:12
113,"<a href=""http://pages.icpro.co/archive/bWVzc2FnZV8zMDY1ODYwXzIzOV8xMTIwXzIwMDI0"" target=""_blank"">HBR Alert - March 28, 2017</a>",All HBRs,"<div class=""ExternalClassD692DB7ABBD34810A108B467FD807D83""><p>Important Information Regarding 2018 Benefit Changes and Program Updates?</p><br /><div style=""margin&#58;0in 0in 0pt;""><span style=""font-size&#58;14.5pt;font-family&#58;&quot;arial&quot;, sans-serif;color&#58;#2680d6;""></span>&#160;</div></div>",3/29/17 9:11,3/29/17 9:20
114,"<a href=""http://pages.icpro.co/archive/bWVzc2FnZV8zMDY1ODYwXzE4Ml8xMTIwXzIwMDI0"" target=""_blank"">HBR Alert - November 10, 2016</a>",All HBRs,"<div class=""ExternalClass16D3DC64B9284A4F9B524E5AED6ED49F""><p>?Post Open Enrollment Reminders</p></div>",11/14/16 11:00,11/14/16 11:00
115,"<a href=""http://pages.icpro.co/archive/bWVzc2FnZV8zMDY1ODYwXzE4OF8xMTIwXzIwMDI0"" target=""_blank"">HBR Alert - December 5, 2016</a>",All HBRs,"<div class=""ExternalClassA6527511D9E94677B04BF726F2340FED"">2017 HBR Access Verification-Action is REQUIRED<br></div>",12/5/16 14:09,12/5/16 14:16
116,"<a href=""http://pages.icpro.co/archive/bWVzc2FnZV8zMDY1ODYwXzkzXzExMjBfMjAwMjQ="" target=""_blank"">HBR Update - May 16, 2016</a>",All HBRs,"<div class=""ExternalClassCFB3D77005DC49F486F17E41A056F431""><ul><li>?State Health Plan Premiums<br></li><br /><li>Reminder&#58; Too Late to Submit Annual Enrollment Exceptions<br></li><br /><li>New Plan Benefits and Resources&#58; Diabetes Prevention and Management<br></li><br /><li>Did You Know?<br></li></ul></div>",5/23/16 15:54,5/23/16 15:54
117,"<a href=""http://pages.icpro.co/archive/bWVzc2FnZV8zMDY1ODYwXzIyMF8xMTIwXzIwMDI0"" target=""_blank"">HBR Alert - March 2, 2017</a>",All HBRs,"<div class=""ExternalClassC1D8728A9CD04C34BC1A48ACD0709BCE""><p>HDHP Enrollment Platform to Get New Password Functionality?</p></div>",3/2/17 17:26,3/2/17 17:26
118,"<a href=""http://pages.icpro.co/archive/bWVzc2FnZV8zMDY1ODYwXzIzMV8xMTIwXzIwMDI0"" target=""_blank"">HBR Alert - March 24, 2017</a>",All HBRs,"<div class=""ExternalClass562CAC6B500C4141A6548E62E30E9E77""><p>?Coming Soon&#58; Duplicate Dependent Functionality to Launch in eEnroll</p></div>",4/7/17 16:44,4/7/17 16:45
119,"<a href=""http://pages.icpro.co/archive/bWVzc2FnZV8zMDY1ODYwXzE5OF8xMTIwXzIwMDI0"" target=""_blank"">HBR Update - January 17, 2017</a>",All HBRs,"<div class=""ExternalClassDB3C103A00C94D5DBBF5084E95EFEC14""><p></p><ul><li>?Reminder&#58; New ID Cards include Medical and Pharmacy Information<br></li><br /><li>Help Employees Reach Their Best Health in 2017 with Health Engagement Program for CDHP Members!<br></li><br /><li>Processing Members Approved for Extended or Long-Term Disability<br></li><br /><li>Do You Have an Employee Eligible for a Free Blood Glucose Meter?<br></li><br /><li>Cervical Cancer Awareness Month<br></li></ul><p></p></div>",1/17/17 14:30,11/28/17 11:33
120,"<a href=""http://pages.icpro.co/archive/bWVzc2FnZV8zMDY1ODYwXzIyNV8xMTIwXzIwMDI0"" target=""_blank"">HBR Update - March 21, 2017</a>",All HBRs,"<div class=""ExternalClass721A47A1CA8F483F91BD73133786B057""><p></p><br /><ul><li>?A Message from the State Treasurer<br></li><br /><li>?'Navigating Your State Health Plan Benefits and Medicare' Sessions are Back!<br></li><br /><li>Social Security Numbers Needed for Dependent Information on Exception Forms<br></li><br /><li>State Health Plan Supporting Documentation Requirements<br></li><br /><li>New Employee Resource Center Available Online<br></li><br /><li>Jo<span style=""font-size&#58;8pt;"">in the State Health Plan for Diabetes Week!</span><br></li><br /><li>Colorectal Cancer Awareness Month<br></li></ul><br /><p></p></div>",3/22/17 9:13,3/22/17 9:13
121,"<a href=""http://pages.icpro.co/archive/bWVzc2FnZV8zMDY1ODYwXzI1MF8xMTIwXzIwMDI0"" target=""_blank"">HBR Alert - May 12, 2017</a>",All HBRs,"<div class=""ExternalClassD61F6B14DF6C4A9280C42DFBBD2161B5""><p>?Dependent Eligibility Verification Audit Important Information</p><br /><div style=""margin&#58;0in 0in 0pt;""><font face=""Calibri""></font>&#160;</div><br /></div>",5/12/17 15:31,5/12/17 15:31
122,"<a href=""http://pages.icpro.co/archive/bWVzc2FnZV8zMDY1ODYwXzI1NV8xMTIwXzIwMDI0"" target=""_blank"">HBR Alert - June 5, 2017</a>",All HBRs,"<div class=""ExternalClass26E3279F55AC4ED4AD801BDA4027DA93""><p>?Dependent Eligibility Verification Audit Update</p></div>",6/5/17 17:05,6/5/17 17:06
123,"<a href=""http://pages.icpro.co/archive/bWVzc2FnZV8zMDY1ODYwXzI0OV8xMTIwXzIwMDI0"" target=""_blank"">HBR Alert - May 8, 2017</a>",All HBRs,"<div class=""ExternalClassB093A529B51D49579D6DBD712EAED951""><p>?Coming Soon! Dependent Eligibility Verification Audit</p></div>",5/11/17 14:08,5/11/17 14:08
124,"<a href=""http://pages.icpro.co/archive/bWVzc2FnZV8zMDY1ODYwXzIxOV8xMTIwXzIwMDI0"" target=""_blank"">HBR Alert - March 15, 2017</a>",All HBRs,"<div class=""ExternalClass5C16C469A997426A9265D9797C7A2E81""><p>?'Navigating Your State Health Plan Benefits and Medicare'</p></div>",3/21/17 8:25,3/21/17 8:27
125,"<a href=""http://pages.icpro.co/archive/bWVzc2FnZV8zMDY1ODYwXzI1Ml8xMTIwXzIwMDI0"" target=""_blank"">HBR Update - May 22, 2017</a>",All HBRs,"<div class=""ExternalClass50202B187EBF449EB6CD954EB6C86766""><p><ul><li>?Dependent Eligibility Verification Audit Under Way<br></li><br /><li>No Retroactive Reinstatement of Dependents without Social Security Numbers<br></li><br /><li>Changes to QuitlineNC Nicotine Replacement Therapy Available to Me<span style=""font-size&#58;8pt;"">mbers</span><br></li><br /><li>Reminder&#58; Regional On-site HBR Trainings<br></li><br /><li>New Employee Training Resource Launched on NC Learning Center<br></li><br /><li>'Navigating Your State Health Plan Benefits and Medicare' Sessions are <span style=""font-size&#58;8pt;"">Under Way!</span><br></li><br /><li>Vendors Authorized for Claims Recovery<br></li></ul><br /><br><br></p></div>",5/22/17 14:52,5/22/17 15:28
126,"<a href=""http://pages.icpro.co/archive/bWVzc2FnZV8zMDY1ODYwXzI2MF8xMTIwXzIwMDI0"" target=""_blank"">HBR Update - June 19, 2017</a>",All HBRs,"<div class=""ExternalClass6738FA47045D4CF298FA766140BA62A9""><ul><li>?Dependent Eligibility Verification Audit Deadline is July 31</li><br /><li>2017 ACA Reporting Solutions Reminder</li><br /><li>Blue365&#58; Your Resource for Living Healthier</li><br /><li>An Early Heads Up on Fighting the Flu</li><br /><li>For Men Only&#58; Maintaining Health throughout Your Life</li><br /><li>State Health Plan Policy Update</li></ul></div>",6/19/17 18:23,6/19/17 18:30
127,"<a href=""http://pages.icpro.co/archive/bWVzc2FnZV8zMDY1ODYwXzI2N18xMTIwXzIwMDI0"" target=""_blank"">HBR Alert - July 7, 2017</a>",All HBRs,"<div class=""ExternalClass481E302AC215402B9584985ADC2EBE48""><p style=""font-family&#58;verdana;font-size&#58;8pt;"">?<strong><span style=""font-weight&#58;normal;"">Reminder! HBR Training Sessions Scheduled</span></strong><b><span><font face=""Calibri""><span style=""font-family&#58;verdana;font-size&#58;8pt;""> </span></font></span></b><strong><span style=""font-weight&#58;normal;"">for Open Enrollment</span></strong><b></b></p><br /><br /><br /></div>",7/17/17 10:06,7/18/17 15:16
128,"<a href=""http://pages.icpro.co/archive/bWVzc2FnZV8zMDY1ODYwXzI2NV8xMTIwXzIwMDI0"" target=""_blank"">HBR Alert - July 21, 2017</a>",All HBRs,"<div class=""ExternalClass2725139558A446A5911D5CE84AEC3C66""><p>?Mission Health Out-of-Network Advisory</p></div>",7/21/17 11:43,7/21/17 11:44
129,"<a href=""http://pages.icpro.co/archive/bWVzc2FnZV8zMDY1ODYwXzI2Nl8xMTIwXzIwMDI0"" target=""_blank"">HBR Alert - June 22, 2017</a>",All HBRs,"<div class=""ExternalClass9F1A6ACBDA634850B5E2A99964DA2FE9""><p>?HBR Training Sessions Scheduled for Open Enrollment</p></div>",6/22/17 16:44,6/22/17 16:44
130,"<a href=""http://pages.icpro.co/archive/bWVzc2FnZV8zMDY1ODYwXzI1MV8xMTIwXzIwMDI0"" target=""_blank"">HBR Alert - May 16, 2017</a>",All HBRs,"<div class=""ExternalClass7D8C6F301C9940519DA0220AE1B06C5E""><p>?Affordable Care Act Reporting Solutions</p></div>",5/16/17 9:49,5/16/17 9:49
131,"<a href=""http://pages.icpro.co/archive/bWVzc2FnZV8zMDY1ODYwXzE5MF8xMTIwXzIwMDI0"" target=""_blank"">HBR Alert - December 7, 2016</a>",All HBRs,"<div class=""ExternalClass5304C06D57E44949843FD3BFF9EA78B0""><p>?Outstanding Tasks and Social Security Collection Reminder</p></div>",12/7/16 11:19,12/7/16 11:19
132,"<a href=""http://pages.icpro.co/archive/bWVzc2FnZV8zMDY1ODYwXzE4Nl8xMTIwXzIwMDI0"" target=""_blank"">HBR Update - December 12, 2016</a>",All HBRs,"<div class=""ExternalClass15A84F320F874C0E94EA16FDA039FEA4""><p><ul><li>?2017 HBR Access Verification Reminder<br></li><br /><li>HBRs Rock Enroll!<br></li><br /><li>Reminder&#58; New ID Cards Must Be Used Starting January 1, 2017<br></li><br /><li>Adding Newborns Reminder<br></li><br /><li>QuitlineNC Enrollment Reminder<br></li><br /><li>New Eat Smart, Move More, Weigh Less Classes Start Soon!<br></li><br /><li>Helpful Tips to Cope with Holiday Stress<br></li></ul><br /><br></p></div>",12/13/16 10:42,12/13/16 10:42
133,"<a href=""http://pages.icpro.co/archive/bWVzc2FnZV8zMDY1ODYwXzI3MF8xMTIwXzIwMDI0"" target=""_blank"">HBR Update - July 17, 2017</a>",All HBRs,"<div class=""ExternalClass8E6620B8685A43B29CD9742162D132F2""><ul><li>?July 31 Deadline Looming for Dependent Eligibility Verification Audit!<br></li><br /><li>HDHP Invoice Reminder<br></li><br /><li>Coming Soon&#58; Quarterly Medicare Data Check<br></li><br /><li>Social Security Number Deadline Reminder<br></li><br /><li>HBR Resources and Training Opportunities<br></li><br /><li>Spanish Brainshark for New Employees<br></li><br /><li>CDHP Reminder State Health Plan Update<br></li><br /><li>New Opioid Pain Management Webpage&#58; Be Informed, Know Your Risk<br></li></ul></div>",7/18/17 15:23,7/18/17 15:32
134,"<a href=""http://pages.icpro.co/archive/bWVzc2FnZV8zMDY1ODYwXzI0Ml8xMTIwXzIwMDI0"" target=""_blank"">HBR Update - April 17, 2017</a>",All HBRs,"<div class=""ExternalClass583B51136BA34D3BBC5EF40852A4EB97""><p><ul><li>?Important Reminder Regarding 2018 Benefit Changes and Program Updates<br></li><br /><li>Newly Eligible for Coverage<br></li><br /><li>New HBR Required Training<br></li><br /><li>Regional Onsite HBR Trainings<br></li><br /><li>Check Out the NEW NC Health<em style=""font-size&#58;8pt;"">Smart </em><span style=""font-size&#58;8pt;"">Resource Page on Our Website</span><br></li><br /><li>'N<span style=""font-size&#58;8pt;"">avigating Your State Health Plan Benefits and Medicare' Sessions are Back</span><br></li><br /><li>D<span style=""font-size&#58;8pt;"">e</span><span style=""font-size&#58;8pt;"">pendent Eligibility Audit Coming Soon</span><br></li></ul></p><br /><p><span style=""font-size&#58;8pt;""></span></p><br /><p><br></p></div>",4/18/17 12:56,4/18/17 12:56
135,"<a href=""http://pages.icpro.co/archive/bWVzc2FnZV8zMDY1ODYwXzIxNV8xMTIwXzIwMDI0"" target=""_blank"">HBR Update - February 20, 2017</a>",All HBRs,"<div class=""ExternalClassA3BBCA05124F4B929644B0FC6C1771D2""><p></p><ul><li>?Important Reminder Regarding Employees on Disability and State Health Plan Coverage<br></li><br /><li>Tobacco Attestation Premium Credit Reversed for Members Who Failed to Enroll in QuitlineNC<br></li><br /><li>Duplicate Dependent Functionality in eEnroll<br></li><br /><li>Adding Newborns and Social Security Numbers<br></li><br /><li>Open Enrollment Exception Reminder<br></li><br /><li>Save the Date for Diabetes Week&#58; March 27-31<br></li><br /><li>COBRAGuard is Now iTEDIUM<br></li><br /><li>New Beacon Health Options Website<br></li></ul><br /><br><p></p></div>",2/21/17 11:03,11/28/17 11:31
136,"<a href=""http://pages.icpro.co/archive/bWVzc2FnZV8zMDY1ODYwXzI3OF8xMTIwXzIwMDI0"" target=""_blank"">HBR Alert - August 1, 2017</a>",All HBRs,"<div class=""ExternalClass077CB0AC31F14B52997A13D691E2282B""><p>?Dependent Eligibility Verification Audit Deadline Has Passed</p></div>",8/1/17 10:24,8/1/17 10:27
137,"<a href=""http://pages.icpro.co/archive/bWVzc2FnZV8zMDY1ODYwXzI3Ml8xMTIwXzIwMDI0"" target=""_blank"">HBR Alert - July 27, 2017</a>",All HBRs,"<div class=""ExternalClass002215007C2946A1981FE94BCE2C90DF""><p>?Dependent Eligibility Verification Audit Update</p></div>",7/28/17 10:06,8/1/17 10:23
138,"<a href=""http://pages.icpro.co/archive/bWVzc2FnZV8zMDY1ODYwXzI4MF8xMTIwXzIwMDI0"" target=""_blank"">HBR Alert - August 7, 2017</a>",All HBRs,"<div class=""ExternalClass0362B133A7D046DFA1631276241E5950""><p>?Dependent Audit Delayed Member Notice</p></div>",8/8/17 8:49,8/8/17 8:50
139,"<a href=""http://pages.icpro.co/archive/bWVzc2FnZV8zMDY1ODYwXzI3NF8xMTIwXzIwMDI0"" target=""_blank"">HBR Alert - August 9, 2017</a>",All HBRs,"<div class=""ExternalClassA51BE67A7A4B4B97B9E997189D60DF24""><p>?Time to Plan for Flu Shots!<br></p></div>",8/10/17 9:05,8/10/17 9:05
140,"<a href=""http://pages.icpro.co/archive/bWVzc2FnZV8zMDY1ODYwXzI3OV8xMTIwXzIwMDI0"" target=""_blank"">HBR Alert - August 9, 2017</a>",All HBRs,"<div class=""ExternalClass1A19A70E76B74EB99AF1E976D13BE334""><p>?<span class=""inner CardTable-inner-e696e3cb Messages-inner-f0ab0366""><span><span class=""msg-subject Messages-msg-subject-5deb7dc9"" title=""Reminder&#58; Mapping for 2018 Benefit Period"">Reminder&#58; Mapping for 2018 Benefit Period</span></span></span></p></div>",8/10/17 9:14,8/10/17 9:14
141,"<a href=""http://pages.icpro.co/archive/bWVzc2FnZV8zMDY1ODYwXzI4NF8xMTIwXzIwMDI0"" target=""_blank"">HBR Alert - August 18, 2017</a>",All HBRs,"<div class=""ExternalClassE8C95B6E93404D4897B1B02FC3DAF22B""><p>?2018 Premium Rates</p></div>",8/18/17 14:52,8/18/17 14:52
142,"<a href=""http://pages.icpro.co/archive/bWVzc2FnZV8zMDY1ODYwXzI4MV8xMTIwXzIwMDI0"" target=""_blank"">HBR Update - August 21, 2017</a>",All HBRs,"<div class=""ExternalClassDC9BCE7BE8BC4B2B81EB7E12F1223CBF""><ul><li>?Dependent Eligibility Verification Audit Update<br></li><br /><li>Reminder&#58; Mapping for 2018 Benefit Period<br></li><br /><li>One Place 365 Enhancement<br></li><br /><li>2018 Open Enrollment Important Information<br></li><br /><li>Legislation Modifies Newborn and Adoption Child Rules<br></li><br /><li>eEnroll Document Upload Functionality<br></li><br /><li>It's Time to Plan Flu Shot Clinics<br></li></ul></div>",8/22/17 10:01,8/22/17 10:01
143,"<a href=""http://pages.icpro.co/archive/bWVzc2FnZV8zMDY1ODYwXzI4OV8xMTIwXzIwMDI0"" target=""_blank"">HBR Alert - September 13, 2017</a>",All HBRs,"<div class=""ExternalClassFBC207FC1CCD4EC2B830E02AD46F736F""><p>?Pending Approval Tasks and New Primary Care Provider Workflow<br></p></div>",9/14/17 16:44,9/14/17 16:44
144,"<a href=""http://pages.icpro.co/archive/bWVzc2FnZV8zMDY1ODYwXzI5MF8xMTIwXzIwMDI0"" target=""_blank"">HBR Alert - September 14, 2017</a>",All HBRs,"<div class=""ExternalClassDBA372DBF8AD41798AAFF60439299FC0""><p>?Mission Health Out-of-Network Update<br></p></div>",9/14/17 16:46,9/14/17 16:46
145,"<a href=""http://pages.icpro.co/archive/bWVzc2FnZV8zMDY1ODYwXzI5Ml8xMTIwXzIwMDI0"" target=""_blank"">HBR Update - September 18, 2017</a>",All HBRs,"<div class=""ExternalClass40E16F376C9B4CCF9A0361B1BCC473F7""><p></p><ul><li>?State Health Plan Open Enrollment Begins September 30!</li><li>Dependent Eligibility Verification Reminder</li><li>Retro Rehire Rules and Processing of Rehires within eEnroll</li><li>Document Center Up and Running</li><li>New Hires and COBRA Coverage</li><li>Your Employees Can Live Chate and Send Secure Messages about Health Benefits</li><li>It's Time to Plan Flu Shot Clinics</li></ul><p><br></p></div>",9/19/17 13:33,9/20/17 14:15
146,"<a href=""http://pages.icpro.co/archive/bWVzc2FnZV8zMDY1ODYwXzMxNV8xMTIwXzIwMDI0"" target=""_blank"">HBR Alert - October 10, 2017</a>",All HBRs,"<div class=""ExternalClassFEB8F9420BFC4E7D9534424C09CBCFA2""><p>?<span class=""inner CardTable-inner-e696e3cb Messages-inner-f0ab0366""><span><span class=""msg-subject Messages-msg-subject-5deb7dc9"" title=""New Look and Feel for eBilling"">New Look and Feel for eBilling</span></span></span></p></div>",10/11/17 16:15,10/11/17 16:15
147,"<a href=""http://pages.icpro.co/archive/bWVzc2FnZV8zMDY1ODYwXzMyMF8xMTIwXzIwMDI0"" target=""_blank"">HBR Update - October 16, 2017</a>",All HBRs,"<div class=""ExternalClass67BDDA48B161449C94C14DF4B4EE8D14""><ul><li>?Time is Running Out! State Health Plan Open Enrollment Ends October 31!</li><li>New Third Party Administrative (TPA) Services Contract for January 1, 2019</li><li>Reduction in Force Enrollment and Termination Process Revised</li><li>Approval Tasks Should be Timely</li><li>Dependent Eligibilty Verification Audit a Success!</li><li>Tell Your Empolyees to Quit It! Great American Smokeout is November 16</li><li>It's Not Too Late to Plan for Flu Shot Clinics</li></ul><p><br></p></div>",10/17/17 10:37,10/18/17 13:06
148,"<a href=""http://pages.icpro.co/archive/bWVzc2FnZV8zMDY1ODYwXzMyNF8xMTIwXzIwMDI0"" target=""_blank"">HBR Alert - October 23, 2017</a>",All HBRs,"<div class=""ExternalClass9B0D2251BED3430F88CA3044A9F54AA6""><p>?Open Enrollment - We're Over Halfway There!<br></p></div>",10/23/17 16:37,10/23/17 16:37
149,"<a href=""http://pages.icpro.co/archive/bWVzc2FnZV8zMDY1ODYwXzMyNl8xMTIwXzIwMDI0"" target=""_blank"">HBR Alert - October 25, 2017</a>",All HBRs,"<div class=""ExternalClassF343A98B2ACD4295851E60CAC14022B7""><p>?Open Enrollment Tobacco Attestation Reminder<br></p></div>",11/2/17 16:08,11/2/17 16:08
150,"<a href=""http://pages.icpro.co/archive/bWVzc2FnZV8zMDY1ODYwXzMzM18xMTIwXzIwMDI0"" target=""_blank"">HBR Alert - October 30, 2017</a>",All HBRs,"<div class=""ExternalClass6FAE8EED410249AE879F129C4FC7BD45""><p>?Open Enrollment Ends Tomorrow, October 31!<br></p></div>",11/2/17 16:10,11/2/17 16:10
151,"<a href=""http://pages.icpro.co/archive/bWVzc2FnZV8zMDY1ODYwXzMzNV8xMTIwXzIwMDI0"" target=""_blank"">HBR Alert - November 2, 2017</a>",All HBRs,"<div class=""ExternalClass4530E6EF1EB0490A8785DB9734ABB7B5""><p>?Post Open Enrollment Reminders&#58; Exceptions<br></p></div>",11/2/17 16:12,11/2/17 16:12
152,"<a href=""http://pages.icpro.co/archive/bWVzc2FnZV8zMDY1ODYwXzMzMl8xMTIwXzIwMDI0"" target=""_blank"">HBR Alert - November 9, 2017</a>",All HBRs,"<div class=""ExternalClassEFC3521A906045D9B3DE61134F1175E4""><p>?HDHP Transition&#58; Your Action is Required!<br></p></div>",11/13/17 17:31,11/13/17 17:31
153,"<a href=""http://pages.icpro.co/archive/bWVzc2FnZV8zMDY1ODYwXzMzOF8xMTIwXzIwMDI0"" target=""_blank"">HBR Update - November 13, 2017</a>",All HBRs,"<div class=""ExternalClass557E0886D07142108FC9515464D4FE7A""><ul><li>?Open Enrollment Update<br></li><li>State Health Plan Documentation Center for HBRs<br></li><li>Dependent Eligibilty Verification Audit Status<br><em></em></li><li><em>Coming in 2018</em>&#58; NEW Check. Change. Control.� Blood Pressure Management Program <br></li><li>HBR Training Resource - Archived Webinars Available<br></li><li>It's Not Too Late to Plan Flu Shot Clinics<br></li></ul></div>",11/13/17 17:34,11/13/17 17:34
154,"<a href=""http://pages.icpro.co/archive/bWVzc2FnZV8zMDY1ODYwXzM0Ml8xMTIwXzIwMDI0"" target=""_blank"">HBR Alert - November 16, 2017</a>",All HBRs,"<div class=""ExternalClassF67107A8C0864A889B7ECECFDDDD1987""><p>? REGISTER NOW! Check. Change. Control.� Blood Pressure Management Program Coming in 2018!</p></div>",11/30/17 9:53,11/30/17 9:53
155,"<a href=""http://pages.icpro.co/archive/bWVzc2FnZV8zMDY1ODYwXzM0MV8xMTIwXzIwMDI0"" target=""_blank"">HBR Alert - November 28, 2017</a>",All HBRs,"<div class=""ExternalClass464636456CE94EE18038B34CF04162F8""><p>?HBR Survey&#58; How Can We Help?</p></div>",11/30/17 9:58,11/30/17 9:58
156,"<a href=""http://pages.icpro.co/archive/bWVzc2FnZV8zMDY1ODYwXzM0M18xMTIwXzIwMDI0"" target=""_blank"">HBR Alert � November 30, 2017</a>",All HBRs,"<div class=""ExternalClassC6EA758453F0413F87012904A1D4FBB9""><p>?Important Notice Regarding Dependent Terminations</p></div>",12/4/17 11:15,12/4/17 11:15
157,"<a href=""http://pages.icpro.co/archive/bWVzc2FnZV8zMDY1ODYwXzMxOV8xMTIwXzIwMDI0"">HBR Alert - October 2, 2017</a>",All HBRs,"<div class=""ExternalClass080BB38385614885849728DA338B0794""><p>?2018 Open Enrollment is Underway!<br></p></div>",12/6/17 9:28,12/6/17 9:28
158,"<a href=""http://pages.icpro.co/archive/bWVzc2FnZV8zMDY1ODYwXzM1MF8xMTIwXzIwMDI0"" target=""_blank"">HBR Alert - December 6, 2017</a>",All HBRs,"<div class=""ExternalClassEFB9520CC679489FB6D226AEC7F5AF25""><p>?Blue Cross NC and Mission Health Reach an Agreement<br></p></div>",12/12/17 9:22,12/12/17 9:22
159,"<a href=""http://pages.icpro.co/archive/bWVzc2FnZV8zMDY1ODYwXzM1MV8xMTIwXzIwMDI0"" target=""_blank"">HBR Alert - December 11, 2017</a>",All HBRs,"<div class=""ExternalClass7B883F423C5A46C7ACA00B33CF2A3B6A""><p>?ATTENTION&#58; Health Insurance Marketplace and Individual Policies<br></p></div>",12/12/17 9:25,12/12/17 9:25
160,"<a href=""http://pages.icpro.co/archive/bWVzc2FnZV8zMDY1ODYwXzM0NV8xMTIwXzIwMDI0"" target=""_blank"">HBR Alert - December 12, 2017</a>",All HBRs,"<div class=""ExternalClass3D308D9D52DD4C508510908946F1A276""><p>?Reminder&#58; High Deductible Health Plan Transition Action Required!<br></p></div>",12/12/17 9:26,12/12/17 9:26
161,"<a href=""http://pages.icpro.co/archive/bWVzc2FnZV8zMDY1ODYwXzM1NF8xMTIwXzIwMDI0"" target=""_blank"">HBR Update - December 18, 2017</a>",All HBRs,"<div class=""ExternalClass366D516614334B5B9C0D8442F4021CC3""><ul><li>?Social Security Number Termination Reminder<br></li><li>Important Reminders on CDHP, Premium Deductions<br></li><li>2018 New Employee Enrollment Kit Online!<br></li><li>Members Should Elect COBRA When Short-Term Disability Ends to Avoid a Gap<br></li><li>State Health Plan Required Documentation for Qualifying Life Events &amp; Dependent Eligibility<br></li><li>Dependent Eligibility Verification Audit Update<br></li><li>Reminder for Employees on Disability<br></li><li>We Want Your Feedback&#58; Take the HBR Survey!<br></li><li>Important Staffing Update!<br></li><li>HBR Highlights - HBR Quick Guide Available<br></li></ul></div>",12/18/17 16:36,12/28/17 15:19
162,"<a href=""http://pages.icpro.co/archive/bWVzc2FnZV8zMDY1ODYwXzM1NV8xMTIwXzIwMDI0"" target=""_blank"">HBR Alert - January 8, 2018</a>",All HBRs,"<div class=""ExternalClass7DCA6D755EEA40AD9BCFDA4D9155769D""><p>?New Year Benefit Reminders<br></p></div>",1/8/18 17:27,1/8/18 17:27
163,"<a href=""http://pages.icpro.co/archive/bWVzc2FnZV8zMDY1ODYwXzM2Ml8xMTIwXzIwMDI0"" target=""_blank"">HBR Update - January 23, 2018</a>",All HBRs,"<div class=""ExternalClass5C8AE1C76B294D7DBFC72741C499CAC4""><ul><li>?Group Billing Inquiries for the 80/20 and 70/30 Plans<br></li><li>New Enhancements in eEnroll!<br></li><li>2018 New Employee Resources Online<br></li><li>Affordable Care Act Employer Mandate<br></li><li>New Monthly Webinars on Tap for 2018!<br></li><li>SSN and Dependent Eligibility Verification Audit <br>Termination Reminders<br></li><li>Get Health? We've Got an App for That!<br></li></ul></div>",1/24/18 10:01,1/24/18 10:02
164,"<a href=""http://pages.icpro.co/archive/bWVzc2FnZV8zMDY1ODYwXzM2N18xMTIwXzIwMDI0"" target=""_blank"">HBR Update - February 19, 2018</a>",All HBRs,"<div class=""ExternalClassD00376B7CC3A4DEA9479291E4F6650F9""><ul><li>?High Deductible Health Plan Transition&#58; Your Action is Required!<br></li><li>1095 Tax Form Tips<br></li><li>Retire Members in a Timely Way<br></li><li>SSN and DEVA Termination Reminders<br></li><li>Encourage Your Employees to Keep Their Address Updated!<br></li><li>Enhance Your Employees' Perks at No Cost<br></li></ul></div>",2/26/18 10:01,3/14/18 10:45
165,"<a href=""http://pages.icpro.co/archive/bWVzc2FnZV8zMDY1ODYwXzM3MV8xMTIwXzIwMDI0"" target=""_blank"">HBR Alert - March 13, 2018</a>",All HBRs,"<div class=""ExternalClass1EBCB5421C694049B3BDC6DBA6670700""><p>?'Understanding Your Medical Plan Options When You Become Medicare-Eligible' Information Sessions Beginning Soon for Your Employees!</p></div>",3/19/18 15:32,3/19/18 15:32
166,"<a href=""http://pages.icpro.co/archive/bWVzc2FnZV8zMDY1ODYwXzM3M18xMTIwXzIwMDI0"" target=""_blank"">HBR Alert - March 13, 2018</a>",All HBRs,"<div class=""ExternalClass0A9009C9AF3D4E3BA080C6578A1DAF05""><p>?TPA Implementation Required Webinars Coming Soon!</p></div>",3/19/18 15:35,3/19/18 15:35
167,"<a href=""http://pages.icpro.co/archive/bWVzc2FnZV8zMDY1ODYwXzM3NV8xMTIwXzIwMDI0"" target=""_blank"">HBR Update - March 19, 2018</a>",All HBRs,"<div class=""ExternalClass74A2DC9CA7894CB1B944C2E973F65535""><ul><li>?Dependent Eligibility Verification Audit Results<br></li><li>Important Reminder&#58; Fill Out Exception Forms <em>Completely!</em><br></li><li>New Address Fields in eEnroll<br></li><li>Reminder&#58; High Deductible Health Plan Transition&#58; Your Action is Required!<br></li><li>TPA Implementation Required Webinars Coming Soon!<br></li><li>�Understanding Your Medical Plan Options When You Become Medicare-Eligible� Information Sessions Beginning Soon!<br></li></ul><p><br></p></div>",3/19/18 15:42,3/19/18 15:42
168,"<a href=""http://pages.icpro.co/archive/bWVzc2FnZV8zMDY1ODYwXzM3N18xMTIwXzIwMDI0"" target=""_blank"">HBR Alert - March 28, 2018</a>",All HBRs,"<div class=""ExternalClass563F4517FEB6454DA78F84FE983218F2""><p>?1095 Reporting Solutions for 2018<br></p></div>",3/29/18 8:07,3/29/18 8:07
169,"<a href=""http://pages.icpro.co/archive/bWVzc2FnZV8zMDY1ODYwXzM3Nl8xMTIwXzIwMDI0"" target=""_blank"">HBR Alert - April 2, 2018</a>",All HBRs,"<div class=""ExternalClass5068F3856DE041519F58ECA9D03987CA""><p>?Termination and Reinstatement Policy<br></p></div>",4/10/18 16:38,4/10/18 16:38
170,"<a href=""http://pages.icpro.co/archive/bWVzc2FnZV8zMDY1ODYwXzM4MV8xMTIwXzIwMDI0"" target=""_blank"">HBR Update - April 16, 2018</a>",All HBRs,"<div class=""ExternalClass96662B9B46A84E44969605F30756A788""><p></p><ul><li>?<span style=""font-size&#58;12px;"">Third Party Administrator Transition Update</span></li><li><span style=""font-size&#58;12px;"">Reconciliation &amp; Billing</span></li><li><span style=""font-size&#58;12px;"">Regional Onsite HBR Trainings</span></li><li><span style=""font-size&#58;12px;"">Termination and Reinstatement Policy as a Result of Plan Audits or SSNs, Dependent Verification Documentation and QLEs</span></li><li><span style=""font-size&#58;12px;"">Exception Request Status Reminder!</span></li><li><span style=""font-size&#58;12px;"">'Understanding Your Medical Plan Options When You Become Medicare-Eligible' Information Sessions Under Way!</span></li></ul></div>",4/19/18 13:37,4/19/18 13:44